user_id,item_id,timestamp
u17,i187,1700000000
u86,i10,1700000003
u40,i81,1700000007
u147,i351,1700000007
u102,i50,1700000010
u100,i53,1700000010
u156,i14,1700000011
u109,i5,1700000014
u18,i11,1700000016
u171,i15,1700000018
u33,i8,1700000022
u13,i63,1700000025
u135,i16,1700000029
u72,i2,1700000032
u109,i28,1700000034
u184,i66,1700000034
u82,i8,1700000037
u15,i26,1700000038
u92,i11,1700000040
u66,i10,1700000040
u188,i76,1700000041
u125,i2,1700000043
u153,i73,1700000046
u168,i10,1700000050
u47,i5,1700000051
u166,i0,1700000054
u159,i70,1700000054
u94,i22,1700000057
u111,i15,1700000060
u7,i4,1700000062
u87,i75,1700000062
u171,i173,1700000065
u114,i99,1700000067
u18,i24,1700000070
u120,i44,1700000072
u196,i86,1700000072
u198,i12,1700000073
u164,i42,1700000077
u183,i36,1700000077
u25,i32,1700000078
u199,i10,1700000080
u83,i4,1700000083
u66,i1,1700000087
u154,i17,1700000087
u143,i43,1700000090
u187,i129,1700000090
u99,i12,1700000090
u47,i21,1700000092
u121,i2,1700000093
u68,i174,1700000094
u73,i340,1700000094
u91,i55,1700000098
u52,i31,1700000099
u157,i14,1700000102
u15,i158,1700000104
u25,i6,1700000104
u144,i45,1700000106
u109,i28,1700000107
u3,i89,1700000107
u132,i6,1700000110
u28,i17,1700000112
u125,i15,1700000114
u157,i42,1700000114
u37,i10,1700000114
u135,i258,1700000115
u158,i84,1700000115
u197,i102,1700000115
u122,i3,1700000117
u30,i28,1700000119
u93,i8,1700000123
u55,i10,1700000126
u88,i18,1700000128
u108,i21,1700000132
u190,i18,1700000134
u169,i0,1700000135
u72,i216,1700000137
u108,i433,1700000141
u63,i270,1700000141
u23,i28,1700000141
u146,i4,1700000142
u64,i72,1700000145
u195,i10,1700000145
u28,i32,1700000146
u61,i13,1700000148
u192,i13,1700000152
u126,i157,1700000153
u181,i72,1700000154
u36,i6,1700000155
u59,i78,1700000155
u169,i60,1700000157
u23,i53,1700000161
u4,i278,1700000163
u82,i3,1700000166
u147,i37,1700000167
u1,i50,1700000170
u6,i50,1700000174
u178,i3,1700000174
u73,i457,1700000174
u8,i9,1700000176
u199,i148,1700000176
u99,i7,1700000179
u186,i16,1700000181
u55,i148,1700000181
u193,i28,1700000181
u185,i288,1700000181
u83,i109,1700000184
u5,i108,1700000184
u165,i12,1700000187
u113,i50,1700000187
u194,i39,1700000191
u101,i57,1700000192
u104,i77,1700000195
u99,i86,1700000196
u29,i16,1700000196
u144,i30,1700000199
u1,i12,1700000199
u36,i311,1700000203
u86,i330,1700000207
u169,i1,1700000209
u57,i26,1700000209
u92,i134,1700000213
u153,i36,1700000214
u150,i48,1700000217
u23,i8,1700000220
u22,i158,1700000221
u54,i11,1700000224
u53,i20,1700000226
u168,i7,1700000227
u176,i13,1700000231
u71,i18,1700000231
u63,i3,1700000231
u183,i11,1700000232
u31,i7,1700000236
u91,i3,1700000237
u141,i0,1700000237
u85,i13,1700000237
u160,i39,1700000239
u196,i303,1700000240
u158,i2,1700000242
u98,i19,1700000246
u45,i12,1700000246
u189,i1,1700000247
u1,i92,1700000249
u178,i45,1700000250
u21,i248,1700000250
u137,i8,1700000250
u160,i175,1700000250
u64,i75,1700000254
u125,i53,1700000258
u147,i58,1700000261
u64,i46,1700000261
u166,i13,1700000263
u137,i41,1700000265
u12,i16,1700000268
u33,i3,1700000268
u67,i49,1700000270
u147,i23,1700000271
u36,i15,1700000272
u158,i15,1700000275
u170,i26,1700000279
u92,i289,1700000281
u97,i44,1700000283
u110,i5,1700000286
u14,i69,1700000288
u7,i8,1700000289
u100,i1,1700000290
u190,i3,1700000294
u124,i2,1700000297
u104,i6,1700000300
u191,i23,1700000304
u81,i46,1700000308
u199,i80,1700000310
u18,i260,1700000313
u10,i230,1700000314
u33,i10,1700000314
u1,i64,1700000314
u135,i151,1700000316
u184,i43,1700000318
u47,i28,1700000321
u169,i21,1700000323
u144,i136,1700000323
u145,i66,1700000323
u41,i4,1700000325
u147,i234,1700000328
u126,i19,1700000332
u106,i7,1700000333
u192,i346,1700000334
u111,i24,1700000334
u25,i72,1700000336
u189,i162,1700000339
u122,i27,1700000343
u130,i32,1700000345
u169,i11,1700000349
u54,i463,1700000353
u24,i60,1700000357
u6,i0,1700000357
u19,i72,1700000360
u86,i277,1700000362
u63,i2,1700000363
u103,i35,1700000365
u108,i16,1700000369
u155,i0,1700000369
u133,i50,1700000373
u27,i0,1700000377
u136,i2,1700000380
u49,i23,1700000384
u170,i7,1700000385
u2,i163,1700000388
u181,i0,1700000392
u31,i45,1700000392
u196,i13,1700000392
u57,i2,1700000396
u133,i138,1700000400
u24,i174,1700000404
u163,i2,1700000407
u91,i16,1700000411
u139,i171,1700000412
u109,i59,1700000414
u89,i54,1700000417
u10,i84,1700000417
u19,i60,1700000417
u149,i3,1700000420
u14,i4,1700000423
u43,i27,1700000426
u82,i7,1700000430
u154,i76,1700000430
u118,i39,1700000430
u50,i90,1700000432
u89,i382,1700000435
u108,i432,1700000435
u107,i20,1700000436
u88,i2,1700000439
u92,i17,1700000443
u182,i2,1700000445
u194,i0,1700000447
u18,i13,1700000447
u157,i180,1700000448
u194,i53,1700000451
u168,i45,1700000453
u120,i1,1700000454
u59,i9,1700000455
u29,i17,1700000457
u70,i86,1700000458
u109,i3,1700000460
u123,i352,1700000463
u68,i29,1700000464
u105,i66,1700000466
u192,i179,1700000469
u111,i49,1700000471
u170,i30,1700000475
u53,i21,1700000477
u103,i26,1700000480
u8,i0,1700000484
u173,i3,1700000484
u15,i41,1700000488
u97,i25,1700000489
u13,i0,1700000489
u87,i196,1700000492
u83,i15,1700000496
u47,i21,1700000497
u101,i148,1700000500
u15,i246,1700000501
u84,i130,1700000505
u28,i49,1700000506
u185,i0,1700000509
u134,i8,1700000512
u93,i16,1700000513
u83,i24,1700000513
u160,i12,1700000517
u100,i27,1700000521
u65,i45,1700000523
u8,i91,1700000523
u183,i46,1700000525
u48,i1,1700000525
u126,i44,1700000529
u38,i120,1700000530
u144,i6,1700000532
u53,i417,1700000534
u170,i79,1700000535
u81,i24,1700000538
u122,i8,1700000541
u148,i23,1700000541
u186,i70,1700000543
u106,i51,1700000547
u73,i6,1700000550
u60,i133,1700000552
u76,i5,1700000554
u4,i231,1700000555
u125,i16,1700000556
u1,i23,1700000559
u51,i248,1700000560
u138,i10,1700000560
u28,i0,1700000562
u83,i99,1700000564
u105,i84,1700000565
u160,i82,1700000568
u196,i48,1700000571
u103,i384,1700000574
u124,i447,1700000577
u14,i41,1700000580
u161,i38,1700000580
u192,i19,1700000582
u21,i34,1700000585
u164,i40,1700000589
u127,i23,1700000592
u59,i136,1700000593
u192,i264,1700000593
u171,i90,1700000595
u48,i26,1700000597
u129,i192,1700000599
u108,i262,1700000599
u88,i1,1700000603
u11,i5,1700000607
u73,i56,1700000608
u152,i92,1700000608
u1,i22,1700000611
u78,i0,1700000615
u20,i55,1700000619
u88,i50,1700000622
u52,i3,1700000622
u151,i81,1700000625
u122,i5,1700000627
u83,i16,1700000630
u155,i27,1700000634
u141,i12,1700000638
u22,i76,1700000640
u173,i0,1700000641
u135,i25,1700000641
u84,i43,1700000642
u106,i97,1700000646
u37,i112,1700000646
u146,i15,1700000650
u99,i24,1700000652
u68,i16,1700000656
u16,i7,1700000656
u110,i12,1700000656
u192,i14,1700000656
u89,i90,1700000659
u192,i79,1700000661
u196,i58,1700000664
u77,i38,1700000665
u178,i73,1700000666
u196,i24,1700000670
u123,i31,1700000673
u170,i13,1700000676
u35,i53,1700000677
u0,i3,1700000677
u50,i18,1700000678
u126,i69,1700000681
u189,i19,1700000683
u51,i462,1700000687
u53,i30,1700000691
u34,i4,1700000694
u85,i474,1700000696
u155,i93,1700000699
u27,i334,1700000701
u58,i86,1700000701
u114,i12,1700000701
u52,i51,1700000701
u9,i17,1700000703
u127,i4,1700000703
u179,i18,1700000704
u195,i23,1700000707
u46,i0,1700000708
u57,i60,1700000710
u32,i18,1700000710
u54,i11,1700000710
u82,i119,1700000712
u93,i23,1700000714
u45,i26,1700000718
u182,i23,1700000719
u66,i290,1700000721
u49,i1,1700000722
u98,i29,1700000726
u38,i3,1700000728
u63,i92,1700000728
u17,i2,1700000728
u163,i5,1700000728
u141,i1,1700000728
u17,i218,1700000731
u137,i0,1700000733
u56,i31,1700000737
u91,i226,1700000741
u199,i28,1700000741
u49,i149,1700000745
u193,i19,1700000749
u146,i24,1700000752
u109,i48,1700000756
u59,i19,1700000759
u127,i7,1700000760
u172,i11,1700000761
u76,i9,1700000761
u131,i210,1700000761
u60,i15,1700000764
u24,i57,1700000767
u47,i9,1700000771
u134,i6,1700000771
u158,i79,1700000774
u52,i1,1700000776
u110,i6,1700000776
u77,i250,1700000780
u18,i57,1700000780
u33,i6,1700000784
u144,i80,1700000787
u26,i7,1700000787
u195,i1,1700000788
u10,i2,1700000792
u169,i2,1700000794
u123,i496,1700000798
u105,i59,1700000801
u106,i56,1700000802
u53,i79,1700000805
u29,i101,1700000808
u188,i59,1700000810
u71,i147,1700000810
u187,i55,1700000812
u131,i27,1700000812
u93,i80,1700000813
u53,i3,1700000813
u183,i43,1700000813
u48,i389,1700000817
u175,i90,1700000818
u129,i55,1700000821
u17,i29,1700000822
u106,i12,1700000825
u88,i161,1700000828
u139,i30,1700000828
u100,i29,1700000832
u86,i1,1700000832
u42,i6,1700000835
u160,i132,1700000839
u125,i39,1700000842
u69,i6,1700000843
u76,i26,1700000846
u115,i108,1700000848
u13,i5,1700000852
u72,i7,1700000852
u66,i3,1700000853
u9,i8,1700000853
u39,i174,1700000854
u116,i158,1700000854
u95,i11,1700000858
u95,i110,1700000859
u90,i0,1700000861
u1,i104,1700000862
u48,i16,1700000864
u176,i43,1700000867
u27,i101,1700000867
u60,i7,1700000868
u21,i76,1700000872
u70,i3,1700000876
u82,i26,1700000880
u44,i3,1700000880
u163,i72,1700000882
u80,i14,1700000886
u16,i7,1700000888
u21,i14,1700000889
u104,i21,1700000893
u169,i33,1700000896
u22,i300,1700000897
u8,i70,1700000900
u81,i148,1700000901
u145,i5,1700000901
u130,i2,1700000901
u37,i34,1700000903
u26,i241,1700000904
u149,i26,1700000908
u143,i66,1700000909
u59,i78,1700000910
u14,i144,1700000910
u65,i8,1700000914
u90,i96,1700000916
u165,i15,1700000918
u71,i135,1700000920
u29,i24,1700000920
u191,i16,1700000920
u174,i12,1700000921
u31,i24,1700000921
u183,i40,1700000925
u194,i15,1700000928
u132,i92,1700000930
u74,i20,1700000930
u165,i20,1700000932
u111,i5,1700000936
u11,i66,1700000936
u10,i78,1700000939
u165,i89,1700000942
u106,i78,1700000943
u150,i332,1700000945
u175,i19,1700000945
u159,i7,1700000945
u157,i17,1700000945
u30,i19,1700000948
u82,i39,1700000952
u60,i41,1700000955
u14,i236,1700000958
u105,i10,1700000960
u18,i180,1700000961
u116,i30,1700000964
u57,i14,1700000964
u55,i14,1700000968
u150,i5,1700000972
u72,i30,1700000975
u146,i38,1700000979
u178,i5,1700000982
u117,i207,1700000984
u66,i14,1700000986
u80,i11,1700000988
u92,i53,1700000989
u165,i35,1700000991
u26,i180,1700000991
u61,i20,1700000994
u161,i64,1700000994
u187,i12,1700000994
u182,i1,1700000998
u174,i13,1700001001
u56,i28,1700001002
u182,i22,1700001003
u192,i124,1700001007
u153,i46,1700001009
u149,i78,1700001013
u12,i52,1700001014
u103,i43,1700001015
u108,i13,1700001016
u140,i110,1700001016
u72,i303,1700001020
u169,i33,1700001022
u171,i2,1700001026
u88,i71,1700001028
u161,i171,1700001031
u190,i61,1700001032
u187,i105,1700001036
u199,i34,1700001040
u21,i30,1700001043
u139,i116,1700001045
u126,i37,1700001046
u92,i9,1700001047
u57,i340,1700001049
u58,i37,1700001050
u73,i19,1700001054
u90,i102,1700001054
u46,i51,1700001057
u120,i24,1700001057
u90,i18,1700001057
u189,i8,1700001061
u80,i28,1700001061
u57,i4,1700001064
u187,i80,1700001068
u49,i243,1700001068
u44,i5,1700001069
u142,i2,1700001072
u31,i16,1700001076
u48,i68,1700001078
u159,i125,1700001080
u21,i14,1700001083
u59,i18,1700001083
u41,i8,1700001085
u152,i16,1700001085
u136,i60,1700001086
u187,i45,1700001090
u47,i309,1700001092
u33,i160,1700001095
u53,i329,1700001097
u183,i4,1700001097
u61,i5,1700001097
u102,i0,1700001099
u17,i110,1700001099
u19,i42,1700001101
u149,i7,1700001101
u5,i412,1700001105
u53,i30,1700001105
u90,i3,1700001109
u84,i74,1700001113
u117,i13,1700001114
u40,i81,1700001115
u142,i175,1700001117
u82,i10,1700001119
u129,i7,1700001120
u151,i8,1700001123
u32,i13,1700001123
u12,i48,1700001123
u197,i68,1700001124
u183,i50,1700001127
u190,i78,1700001128
u90,i6,1700001132
u94,i52,1700001132
u50,i39,1700001135
u149,i49,1700001138
u74,i2,1700001140
u106,i17,1700001143
u74,i6,1700001143
u57,i22,1700001145
u20,i16,1700001147
u31,i22,1700001151
u26,i10,1700001152
u90,i438,1700001154
u168,i0,1700001156
u1,i33,1700001156
u154,i21,1700001157
u167,i42,1700001160
u166,i436,1700001164
u94,i4,1700001166
u94,i11,1700001166
u60,i16,1700001168
u178,i6,1700001171
u20,i6,1700001171
u15,i57,1700001173
u36,i18,1700001173
u48,i17,1700001174
u68,i25,1700001174
u83,i275,1700001175
u6,i3,1700001176
u150,i24,1700001180
u91,i2,1700001180
u39,i52,1700001183
u20,i108,1700001187
u28,i10,1700001191
u41,i43,1700001195
u93,i47,1700001197
u183,i32,1700001201
u160,i13,1700001205
u106,i96,1700001209
u191,i66,1700001211
u158,i4,1700001212
u130,i12,1700001214
u196,i10,1700001215
u6,i29,1700001215
u133,i8,1700001217
u160,i25,1700001219
u160,i22,1700001222
u154,i77,1700001226
u193,i49,1700001227
u58,i228,1700001229
u73,i45,1700001232
u14,i12,1700001233
u61,i69,1700001234
u193,i14,1700001234
u156,i104,1700001235
u106,i24,1700001237
u194,i3,1700001238
u20,i6,1700001242
u131,i26,1700001245
u20,i34,1700001249
u195,i1,1700001253
u187,i89,1700001253
u16,i71,1700001256
u30,i16,1700001256
u40,i0,1700001260
u113,i10,1700001262
u176,i64,1700001265
u170,i18,1700001269
u134,i176,1700001271
u29,i21,1700001271
u48,i354,1700001273
u158,i54,1700001277
u186,i17,1700001281
u115,i34,1700001283
u77,i72,1700001284
u48,i21,1700001288
u186,i23,1700001290
u25,i45,1700001291
u44,i11,1700001291
u141,i15,1700001295
u13,i10,1700001296
u101,i77,1700001296
u115,i47,1700001298
u22,i42,1700001298
u27,i5,1700001299
u192,i12,1700001299
u89,i23,1700001301
u98,i4,1700001301
u102,i16,1700001302
u44,i137,1700001306
u49,i37,1700001310
u198,i103,1700001310
u71,i16,1700001314
u72,i252,1700001316
u73,i63,1700001316
u132,i45,1700001320
u109,i399,1700001320
u77,i254,1700001321
u152,i11,1700001321
u56,i51,1700001325
u187,i14,1700001325
u13,i155,1700001325
u141,i99,1700001329
u197,i215,1700001330
u57,i4,1700001330
u102,i32,1700001331
u39,i228,1700001332
u25,i158,1700001332
u25,i35,1700001335
u72,i23,1700001339
u184,i101,1700001343
u77,i102,1700001346
u43,i12,1700001348
u152,i45,1700001352
u172,i22,1700001354
u38,i10,1700001355
u144,i80,1700001356
u144,i219,1700001356
u167,i0,1700001358
u63,i6,1700001361
u56,i14,1700001361
u76,i254,1700001365
u174,i16,1700001367
u112,i3,1700001371
u186,i9,1700001371
u29,i41,1700001371
u52,i39,1700001373
u159,i113,1700001375
u172,i29,1700001376
u124,i28,1700001379
u22,i10,1700001383
u81,i15,1700001383
u169,i370,1700001385
u24,i20,1700001386
u123,i115,1700001388
u34,i37,1700001389
u161,i30,1700001392
u180,i438,1700001393
u152,i2,1700001393
u117,i23,1700001393
u6,i23,1700001395
u55,i13,1700001397
u102,i26,1700001401
u194,i302,1700001403
u48,i265,1700001403
u122,i145,1700001404
u3,i349,1700001404
u56,i4,1700001406
u160,i15,1700001408
u149,i40,1700001412
u91,i114,1700001415
u154,i60,1700001418
u86,i38,1700001421
u185,i19,1700001424
u119,i45,1700001428
u73,i107,1700001430
u97,i6,1700001432
u119,i2,1700001434
u77,i37,1700001437
u22,i21,1700001437
u146,i2,1700001440
u19,i8,1700001441
u56,i3,1700001445
u65,i15,1700001445
u145,i66,1700001447
u167,i13,1700001450
u157,i10,1700001450
u77,i17,1700001452
u76,i69,1700001453
u165,i9,1700001453
u84,i36,1700001456
u116,i84,1700001458
u41,i366,1700001461
u55,i54,1700001463
u36,i10,1700001464
u68,i25,1700001464
u181,i37,1700001465
u36,i8,1700001468
u2,i48,1700001469
u172,i13,1700001471
u107,i31,1700001472
u72,i23,1700001475
u4,i171,1700001477
u166,i55,1700001481
u71,i5,1700001485
u142,i342,1700001487
u93,i19,1700001487
u90,i126,1700001489
u128,i7,1700001491
u142,i94,1700001495
u13,i78,1700001496
u32,i57,1700001500
u149,i57,1700001501
u125,i11,1700001502
u198,i3,1700001506
u43,i6,1700001508
u149,i30,1700001508
u153,i30,1700001508
u0,i4,1700001510
u147,i12,1700001513
u195,i27,1700001513
u153,i103,1700001514
u199,i20,1700001514
u192,i80,1700001518
u112,i19,1700001519
u197,i2,1700001520
u155,i42,1700001522
u115,i70,1700001525
u168,i0,1700001526
u114,i40,1700001527
u41,i30,1700001529
u145,i4,1700001530
u28,i55,1700001534
u31,i13,1700001535
u34,i25,1700001536
u87,i66,1700001536
u105,i47,1700001538
u26,i18,1700001541
u130,i49,1700001545
u17,i10,1700001547
u82,i11,1700001550
u34,i22,1700001552
u47,i160,1700001552
u42,i337,1700001553
u127,i56,1700001557
u23,i0,1700001558
u4,i7,1700001559
u185,i333,1700001563
u126,i3,1700001564
u17,i51,1700001565
u86,i15,1700001565
u78,i42,1700001568
u49,i3,1700001572
u104,i213,1700001576
u108,i36,1700001576
u107,i2,1700001577
u24,i57,1700001580
u21,i38,1700001583
u11,i12,1700001586
u196,i4,1700001590
u32,i28,1700001593
u84,i13,1700001596
u61,i468,1700001596
u101,i92,1700001598
u166,i74,1700001600
u159,i64,1700001603
u57,i14,1700001604
u159,i36,1700001607
u90,i31,1700001607
u162,i145,1700001611
u78,i16,1700001615
u131,i302,1700001616
u44,i1,1700001618
u123,i19,1700001618
u103,i40,1700001622
u122,i51,1700001625
u155,i397,1700001629
u41,i5,1700001630
u58,i57,1700001631
u189,i56,1700001634
u183,i14,1700001634
u121,i4,1700001637
u90,i56,1700001639
u150,i85,1700001640
u83,i4,1700001640
u71,i8,1700001644
u104,i94,1700001647
u146,i20,1700001651
u109,i187,1700001655
u159,i13,1700001657
u81,i422,1700001658
u88,i138,1700001658
u74,i21,1700001661
u20,i103,1700001664
u12,i2,1700001666
u3,i392,1700001669
u11,i48,1700001673
u25,i183,1700001674
u33,i30,1700001674
u165,i12,1700001678
u58,i5,1700001679
u37,i1,1700001680
u12,i3,1700001680
u6,i133,1700001684
u146,i68,1700001684
u7,i28,1700001686
u61,i31,1700001689
u187,i104,1700001692
u140,i30,1700001695
u13,i66,1700001696
u156,i31,1700001696
u151,i36,1700001697
u137,i32,1700001698
u129,i10,1700001699
u176,i61,1700001703
u150,i328,1700001706
u130,i82,1700001707
u196,i14,1700001711
u67,i30,1700001713
u89,i75,1700001715
u184,i24,1700001718
u123,i288,1700001718
u121,i54,1700001721
u10,i15,1700001721
u199,i52,1700001723
u166,i26,1700001724
u169,i170,1700001727
u7,i56,1700001731
u108,i115,1700001734
u144,i30,1700001736
u191,i39,1700001740
u199,i0,1700001742
u81,i17,1700001745
u102,i37,1700001747
u111,i53,1700001751
u102,i6,1700001753
u85,i2,1700001755
u117,i31,1700001756
u73,i26,1700001756
u141,i12,1700001759
u195,i68,1700001759
u193,i49,1700001759
u39,i49,1700001759
u61,i166,1700001760
u30,i16,1700001762
u188,i32,1700001763
u98,i35,1700001765
u69,i11,1700001769
u127,i114,1700001770
u68,i76,1700001772
u80,i27,1700001775
u75,i129,1700001779
u44,i6,1700001781
u48,i232,1700001782
u192,i19,1700001786
u127,i23,1700001787
u34,i34,1700001789
u82,i37,1700001791
u161,i17,1700001793
u105,i2,1700001794
u106,i15,1700001794
u11,i33,1700001798
u196,i1,1700001799
u195,i16,1700001801
u51,i7,1700001802
u137,i3,1700001805
u184,i0,1700001805
u4,i6,1700001807
u103,i67,1700001811
u134,i1,1700001814
u90,i51,1700001816
u25,i14,1700001820
u118,i153,1700001820
u136,i7,1700001824
u161,i17,1700001824
u39,i80,1700001827
u174,i23,1700001829
u184,i15,1700001831
u148,i5,1700001833
u20,i17,1700001834
u71,i9,1700001835
u108,i16,1700001835
u126,i150,1700001838
u44,i11,1700001841
u172,i228,1700001844
u138,i1,1700001846
u172,i31,1700001847
u32,i4,1700001848
u27,i157,1700001850
u87,i11,1700001854
u106,i109,1700001855
u103,i0,1700001855
u174,i24,1700001859
u39,i63,1700001862
u38,i4,1700001866
u13,i6,1700001868
u187,i26,1700001872
u127,i13,1700001875
u132,i3,1700001877
u140,i168,1700001880
u104,i53,1700001883
u108,i25,1700001885
u26,i2,1700001886
u193,i6,1700001889
u145,i77,1700001889
u104,i12,1700001891
u189,i92,1700001894
u39,i5,1700001898
u117,i89,1700001902
u24,i54,1700001905
u128,i32,1700001906
u90,i50,1700001910
u171,i11,1700001910
u83,i83,1700001911
u28,i22,1700001913
u5,i22,1700001914
u63,i6,1700001918
u160,i268,1700001922
u37,i112,1700001926
u137,i4,1700001926
u54,i20,1700001928
u26,i10,1700001928
u90,i23,1700001928
u138,i14,1700001928
u53,i10,1700001930
u137,i21,1700001931
u65,i10,1700001934
u82,i33,1700001937
u67,i3,1700001937
u152,i4,1700001939
u169,i36,1700001943
u28,i45,1700001945
u151,i52,1700001945
u147,i10,1700001946
u166,i0,1700001946
u195,i69,1700001950
u180,i5,1700001953
u100,i27,1700001954
u196,i1,1700001957
u73,i23,1700001961
u107,i21,1700001963
u18,i1,1700001963
u15,i12,1700001967
u102,i56,1700001969
u30,i36,1700001970
u3,i3,1700001974
u145,i2,1700001974
u157,i13,1700001978
u109,i98,1700001980
u146,i70,1700001982
u194,i16,1700001984
u145,i58,1700001985
u25,i78,1700001989
u172,i248,1700001990
u182,i30,1700001991
u141,i4,1700001995
u80,i23,1700001996
u142,i25,1700001997
u101,i5,1700002000
u101,i24,1700002003
u60,i49,1700002004
u130,i131,1700002007
u11,i7,1700002008
u8,i19,1700002010
u148,i56,1700002014
u110,i11,1700002014
u135,i4,1700002014
u59,i25,1700002017
u45,i17,1700002021
u83,i191,1700002024
u105,i27,1700002027
u165,i26,1700002027
u89,i1,1700002029
u14,i7,1700002032
u51,i9,1700002036
u151,i14,1700002036
u164,i31,1700002037
u54,i21,1700002037
u83,i41,1700002037
u68,i2,1700002038
u120,i19,1700002039
u58,i465,1700002039
u159,i17,1700002042
u6,i197,1700002044
u146,i208,1700002047
u33,i32,1700002051
u142,i47,1700002053
u13,i8,1700002057
u185,i82,1700002061
u7,i25,1700002065
u26,i25,1700002065
u147,i128,1700002065
u103,i14,1700002068
u150,i16,1700002072
u170,i6,1700002073
u92,i36,1700002073
u170,i275,1700002074
u37,i11,1700002076
u183,i41,1700002077
u148,i14,1700002079
u93,i57,1700002081
u9,i64,1700002082
u121,i33,1700002082
u96,i4,1700002084
u133,i55,1700002088
u99,i410,1700002092
u33,i5,1700002096
u111,i169,1700002096
u60,i13,1700002096
u33,i15,1700002098
u70,i45,1700002102
u52,i72,1700002104
u36,i5,1700002104
u101,i22,1700002108
u13,i17,1700002110
u79,i99,1700002113
u51,i39,1700002117
u24,i4,1700002117
u98,i8,1700002119
u142,i43,1700002121
u51,i50,1700002121
u184,i8,1700002123
u116,i28,1700002123
u68,i34,1700002127
u136,i94,1700002128
u61,i50,1700002130
u171,i61,1700002130
u122,i0,1700002131
u23,i16,1700002131
u117,i2,1700002134
u159,i119,1700002137
u80,i3,1700002141
u170,i6,1700002145
u173,i23,1700002146
u167,i9,1700002148
u108,i33,1700002148
u37,i15,1700002149
u61,i148,1700002149
u48,i266,1700002152
u199,i7,1700002153
u57,i306,1700002156
u59,i244,1700002158
u182,i3,1700002160
u142,i32,1700002163
u107,i7,1700002165
u3,i38,1700002169
u6,i4,1700002169
u5,i259,1700002169
u166,i69,1700002171
u185,i15,1700002175
u118,i465,1700002178
u8,i207,1700002182
u141,i112,1700002182
u150,i17,1700002183
u4,i10,1700002186
u140,i5,1700002186
u138,i373,1700002189
u142,i18,1700002189
u55,i53,1700002192
u32,i18,1700002193
u42,i11,1700002196
u138,i117,1700002197
u123,i0,1700002197
u191,i182,1700002197
u62,i35,1700002200
u48,i21,1700002203
u18,i8,1700002205
u112,i115,1700002206
u126,i96,1700002208
u78,i27,1700002212
u152,i47,1700002213
u54,i106,1700002214
u164,i153,1700002214
u168,i3,1700002216
u5,i0,1700002216
u58,i9,1700002218
u26,i64,1700002219
u166,i14,1700002221
u62,i6,1700002223
u147,i125,1700002227
u42,i32,1700002229
u111,i6,1700002233
u64,i1,1700002235
u103,i28,1700002235
u1,i4,1700002238
u198,i23,1700002241
u15,i0,1700002245
u177,i127,1700002245
u146,i63,1700002245
u153,i23,1700002246
u177,i110,1700002248
u177,i1,1700002250
u114,i0,1700002254
u58,i198,1700002258
u22,i59,1700002260
u152,i62,1700002263
u12,i33,1700002264
u52,i15,1700002265
u139,i10,1700002267
u172,i20,1700002268
u161,i9,1700002269
u114,i169,1700002273
u193,i55,1700002273
u87,i0,1700002277
u22,i155,1700002277
u35,i5,1700002277
u67,i7,1700002281
u169,i46,1700002284
u168,i0,1700002286
u61,i28,1700002287
u79,i1,1700002289
u78,i49,1700002289
u44,i113,1700002291
u93,i70,1700002294
u40,i205,1700002298
u149,i26,1700002299
u106,i79,1700002300
u181,i42,1700002304
u39,i25,1700002308
u69,i9,1700002310
u195,i1,1700002310
u170,i2,1700002312
u19,i49,1700002316
u167,i31,1700002316
u185,i2,1700002316
u11,i52,1700002319
u52,i316,1700002322
u178,i407,1700002325
u93,i31,1700002328
u38,i43,1700002329
u38,i84,1700002333
u134,i69,1700002336
u138,i126,1700002339
u167,i6,1700002341
u96,i67,1700002343
u151,i348,1700002345
u124,i12,1700002347
u57,i237,1700002350
u189,i189,1700002353
u155,i11,1700002355
u168,i177,1700002355
u110,i2,1700002357
u79,i13,1700002360
u2,i95,1700002362
u75,i35,1700002365
u59,i66,1700002367
u167,i123,1700002368
u73,i57,1700002372
u66,i8,1700002374
u75,i17,1700002374
u183,i27,1700002374
u197,i2,1700002378
u45,i29,1700002379
u171,i54,1700002380
u160,i6,1700002381
u184,i31,1700002385
u37,i0,1700002388
u193,i213,1700002390
u129,i40,1700002394
u128,i87,1700002396
u135,i1,1700002397
u125,i273,1700002399
u99,i17,1700002402
u169,i100,1700002406
u131,i66,1700002406
u156,i76,1700002410
u136,i10,1700002413
u50,i6,1700002415
u63,i22,1700002415
u4,i17,1700002419
u198,i30,1700002420
u79,i13,1700002421
u154,i212,1700002423
u86,i7,1700002426
u189,i107,1700002426
u107,i64,1700002430
u102,i3,1700002433
u7,i37,1700002436
u34,i43,1700002440
u65,i14,1700002443
u63,i75,1700002443
u103,i13,1700002445
u27,i9,1700002446
u9,i16,1700002448
u123,i32,1700002452
u110,i25,1700002453
u21,i40,1700002455
u65,i13,1700002458
u198,i21,1700002459
u51,i1,1700002459
u163,i177,1700002461
u23,i118,1700002464
u135,i12,1700002467
u95,i1,1700002470
u91,i265,1700002470
u131,i171,1700002473
u95,i103,1700002475
u31,i41,1700002479
u160,i43,1700002482
u27,i1,1700002486
u57,i3,1700002490
u144,i0,1700002494
u120,i14,1700002494
u40,i21,1700002496
u17,i83,1700002496
u127,i77,1700002498
u172,i9,1700002502
u146,i20,1700002502
u74,i103,1700002506
u113,i4,1700002508
u167,i4,1700002512
u141,i2,1700002515
u20,i150,1700002518
u160,i64,1700002518
u10,i139,1700002519
u184,i66,1700002520
u62,i16,1700002524
u27,i24,1700002527
u75,i105,1700002529
u182,i18,1700002533
u181,i10,1700002537
u116,i17,1700002541
u29,i45,1700002545
u69,i21,1700002547
u133,i0,1700002548
u117,i107,1700002549
u108,i9,1700002551
u36,i27,1700002554
u123,i48,1700002556
u75,i156,1700002557
u165,i14,1700002557
u165,i179,1700002560
u184,i11,1700002564
u33,i142,1700002567
u46,i55,1700002571
u13,i60,1700002575
u41,i43,1700002577
u107,i10,1700002578
u62,i81,1700002578
u182,i30,1700002582
u36,i30,1700002583
u78,i2,1700002585
u147,i32,1700002589
u60,i25,1700002591
u57,i63,1700002594
u61,i53,1700002595
u24,i59,1700002597
u138,i69,1700002599
u130,i14,1700002602
u54,i14,1700002606
u133,i36,1700002606
u72,i24,1700002607
u34,i3,1700002608
u33,i38,1700002609
u12,i114,1700002613
u99,i22,1700002617
u160,i1,1700002621
u188,i194,1700002625
u170,i10,1700002626
u4,i28,1700002629
u111,i42,1700002630
u101,i32,1700002633
u70,i33,1700002637
u160,i22,1700002637
u60,i5,1700002641
u5,i5,1700002642
u66,i22,1700002646
u84,i34,1700002648
u184,i9,1700002650
u133,i8,1700002654
u50,i121,1700002656
u61,i258,1700002659
u103,i0,1700002659
u141,i7,1700002663
u6,i111,1700002664
u118,i27,1700002665
u11,i81,1700002667
u18,i2,1700002669
u60,i3,1700002671
u42,i49,1700002675
u94,i21,1700002678
u154,i15,1700002681
u198,i16,1700002681
u7,i148,1700002681
u21,i136,1700002684
u81,i238,1700002684
u101,i135,1700002687
u113,i32,1700002690
u150,i6,1700002692
u117,i2,1700002696
u118,i110,1700002697
u17,i35,1700002701
u163,i1,1700002704
u59,i126,1700002708
u30,i28,1700002711
u120,i15,1700002711
u110,i3,1700002712
u105,i0,1700002714
u157,i31,1700002714
u44,i13,1700002714
u152,i266,1700002715
u142,i34,1700002718
u90,i18,1700002720
u141,i335,1700002721
u44,i106,1700002721
u16,i89,1700002725
u170,i108,1700002727
u150,i5,1700002728
u90,i5,1700002731
u55,i4,1700002733
u114,i8,1700002734
u180,i5,1700002737
u40,i107,1700002737
u83,i4,1700002741
u95,i18,1700002741
u153,i246,1700002743
u21,i2,1700002745
u134,i3,1700002749
u175,i87,1700002752
u185,i19,1700002756
u49,i59,1700002759
u104,i4,1700002760
u172,i18,1700002763
u40,i63,1700002765
u70,i78,1700002769
u98,i18,1700002772
u122,i474,1700002773
u76,i177,1700002773
u151,i4,1700002775
u74,i8,1700002776
u117,i152,1700002778
u143,i95,1700002778
u55,i112,1700002779
u82,i472,1700002781
u54,i370,1700002782
u191,i145,1700002786
u1,i70,1700002788
u136,i2,1700002790
u104,i90,1700002792
u166,i82,1700002792
u130,i100,1700002792
u44,i30,1700002794
u178,i0,1700002794
u86,i16,1700002796
u176,i73,1700002797
u28,i38,1700002798
u107,i34,1700002800
u38,i27,1700002800
u61,i54,1700002800
u66,i0,1700002801
u98,i8,1700002802
u141,i21,1700002806
u176,i32,1700002806
u129,i146,1700002810
u146,i10,1700002813
u173,i17,1700002813
u24,i102,1700002816
u61,i16,1700002817
u59,i0,1700002817
u81,i15,1700002821
u122,i4,1700002825
u103,i72,1700002828
u23,i3,1700002830
u164,i45,1700002832
u175,i96,1700002833
u155,i0,1700002833
u174,i82,1700002837
u120,i355,1700002837
u51,i70,1700002837
u94,i52,1700002840
u102,i0,1700002841
u182,i42,1700002843
u184,i16,1700002845
u147,i2,1700002848
u182,i0,1700002849
u31,i21,1700002850
u26,i9,1700002854
u132,i2,1700002858
u25,i43,1700002859
u4,i391,1700002860
u186,i45,1700002864
u37,i151,1700002864
u159,i8,1700002864
u137,i0,1700002866
u65,i34,1700002866
u29,i68,1700002867
u182,i111,1700002870
u22,i19,1700002870
u67,i86,1700002871
u31,i14,1700002872
u51,i48,1700002874
u50,i130,1700002876
u186,i68,1700002876
u38,i87,1700002878
u43,i65,1700002881
u34,i38,1700002884
u148,i30,1700002887
u38,i44,1700002887
u99,i37,1700002887
u186,i40,1700002887
u120,i57,1700002887
u28,i9,1700002890
u173,i30,1700002891
u164,i10,1700002893
u170,i6,1700002896
u123,i69,1700002900
u93,i57,1700002904
u13,i134,1700002905
u131,i7,1700002905
u66,i16,1700002907
u51,i494,1700002907
u97,i15,1700002908
u105,i142,1700002911
u153,i2,1700002912
u116,i11,1700002916
u79,i184,1700002917
u118,i76,1700002918
u35,i8,1700002920
u77,i298,1700002921
u0,i86,1700002922
u93,i5,1700002925
u74,i58,1700002928
u29,i92,1700002929
u143,i0,1700002933
u60,i188,1700002936
u179,i73,1700002936
u134,i62,1700002937
u77,i190,1700002940
u35,i15,1700002943
u136,i11,1700002945
u41,i6,1700002949
u164,i74,1700002953
u121,i10,1700002956
u92,i5,1700002959
u168,i35,1700002962
u46,i34,1700002963
u27,i425,1700002965
u63,i45,1700002966
u182,i18,1700002967
u28,i5,1700002969
u63,i54,1700002972
u13,i15,1700002972
u19,i64,1700002976
u131,i92,1700002980
u17,i16,1700002981
u47,i8,1700002984
u49,i26,1700002985
u163,i14,1700002988
u185,i11,1700002991
u149,i43,1700002992
u78,i259,1700002994
u35,i0,1700002998
u25,i0,1700003002
u53,i41,1700003004
u123,i9,1700003004
u187,i11,1700003005
u10,i17,1700003009
u58,i64,1700003013
u115,i34,1700003016
u87,i44,1700003017
u56,i86,1700003017
u75,i75,1700003018
u0,i21,1700003021
u30,i19,1700003023
u162,i16,1700003023
u130,i1,1700003024
u160,i8,1700003024
u12,i41,1700003025
u55,i7,1700003025
u124,i194,1700003027
u24,i35,1700003030
u107,i0,1700003032
u54,i228,1700003032
u114,i1,1700003035
u14,i26,1700003039
u3,i19,1700003042
u93,i1,1700003043
u54,i32,1700003047
u6,i31,1700003051
u29,i41,1700003054
u67,i429,1700003058
u60,i0,1700003058
u79,i9,1700003059
u9,i2,1700003059
u156,i4,1700003059
u155,i29,1700003063
u188,i69,1700003067
u15,i286,1700003067
u46,i5,1700003070
u108,i17,1700003070
u59,i367,1700003070
u34,i102,1700003074
u95,i1,1700003077
u25,i14,1700003080
u139,i19,1700003084
u124,i20,1700003084
u163,i9,1700003088
u5,i1,1700003090
u187,i38,1700003090
u28,i47,1700003093
u58,i1,1700003093
u49,i112,1700003093
u43,i64,1700003095
u51,i9,1700003098
u113,i102,1700003100
u107,i238,1700003100
u162,i66,1700003103
u105,i27,1700003107
u17,i4,1700003111
u42,i2,1700003111
u125,i35,1700003111
u194,i63,1700003112
u134,i92,1700003115
u50,i0,1700003115
u163,i7,1700003116
u167,i222,1700003117
u6,i211,1700003118
u37,i0,1700003121
u59,i26,1700003121
u33,i8,1700003124
u26,i2,1700003126
u102,i19,1700003128
u89,i43,1700003128
u48,i17,1700003132
u131,i74,1700003133
u142,i112,1700003137
u26,i29,1700003141
u59,i16,1700003141
u122,i3,1700003142
u24,i10,1700003146
u82,i36,1700003150
u134,i149,1700003151
u17,i73,1700003151
u54,i1,1700003151
u0,i104,1700003153
u59,i25,1700003153
u168,i6,1700003153
u99,i3,1700003154
u68,i3,1700003154
u187,i18,1700003158
u34,i70,1700003162
u113,i21,1700003165
u35,i13,1700003168
u28,i0,1700003170
u94,i3,1700003171
u20,i9,1700003171
u167,i487,1700003171
u27,i2,1700003174
u26,i56,1700003176
u109,i19,1700003178
u2,i38,1700003180
u191,i33,1700003184
u26,i57,1700003186
u95,i24,1700003186
u174,i433,1700003187
u67,i1,1700003191
u41,i30,1700003191
u64,i321,1700003191
u161,i24,1700003191
u157,i24,1700003195
u97,i50,1700003198
u173,i4,1700003198
u158,i0,1700003198
u194,i129,1700003199
u28,i81,1700003201
u40,i15,1700003205
u18,i12,1700003209
u115,i117,1700003213
u96,i0,1700003214
u15,i30,1700003215
u37,i16,1700003216
u112,i10,1700003217
u180,i29,1700003221
u148,i18,1700003223
u38,i15,1700003227
u90,i459,1700003227
u27,i25,1700003230
u65,i1,1700003232
u105,i1,1700003233
u4,i34,1700003233
u59,i62,1700003234
u186,i34,1700003235
u34,i15,1700003237
u35,i27,1700003240
u172,i25,1700003241
u137,i441,1700003243
u65,i18,1700003244
u74,i124,1700003247
u173,i19,1700003249
u72,i103,1700003253
u122,i294,1700003255
u105,i51,1700003255
u6,i342,1700003257
u96,i46,1700003258
u103,i52,1700003262
u193,i6,1700003263
u104,i24,1700003265
u175,i11,1700003267
u48,i3,1700003267
u49,i393,1700003271
u170,i9,1700003274
u15,i4,1700003274
u170,i9,1700003277
u88,i55,1700003277
u9,i58,1700003279
u82,i2,1700003283
u175,i24,1700003285
u157,i8,1700003287
u108,i7,1700003290
u94,i44,1700003292
u87,i363,1700003293
u143,i16,1700003296
u56,i38,1700003296
u54,i3,1700003300
u69,i27,1700003303
u135,i53,1700003303
u138,i211,1700003303
u145,i61,1700003307
u180,i42,1700003309
u149,i14,1700003313
u198,i274,1700003313
u88,i93,1700003314
u63,i5,1700003314
u9,i20,1700003315
u20,i62,1700003315
u4,i43,1700003319
u52,i188,1700003322
u7,i179,1700003323
u127,i1,1700003326
u31,i109,1700003326
u59,i67,1700003330
u6,i75,1700003334
u51,i346,1700003334
u69,i3,1700003336
u146,i57,1700003336
u14,i28,1700003339
u96,i214,1700003342
u163,i28,1700003343
u158,i19,1700003345
u75,i93,1700003347
u161,i170,1700003349
u34,i51,1700003353
u56,i165,1700003357
u16,i20,1700003359
u109,i8,1700003363
u43,i80,1700003366
u158,i26,1700003369
u58,i0,1700003370
u191,i496,1700003372
u73,i52,1700003376
u46,i158,1700003376
u68,i40,1700003379
u180,i57,1700003380
u77,i15,1700003382
u193,i39,1700003382
u148,i171,1700003385
u122,i44,1700003387
u103,i145,1700003390
u24,i126,1700003394
u89,i90,1700003398
u183,i6,1700003402
u14,i3,1700003405
u121,i1,1700003407
u119,i5,1700003411
u198,i11,1700003412
u186,i20,1700003414
u193,i3,1700003414
u195,i31,1700003416
u0,i15,1700003416
u59,i17,1700003416
u142,i9,1700003419
u46,i121,1700003421
u146,i226,1700003422
u89,i10,1700003424
u130,i17,1700003425
u194,i13,1700003427
u48,i45,1700003431
u129,i21,1700003435
u29,i6,1700003437
u7,i13,1700003439
u107,i436,1700003442
u85,i73,1700003446
u120,i79,1700003448
u177,i49,1700003450
u64,i6,1700003450
u3,i6,1700003454
u44,i5,1700003456
u199,i19,1700003457
u177,i59,1700003457
u119,i287,1700003459
u84,i69,1700003460
u31,i26,1700003461
u125,i94,1700003461
u117,i53,1700003464
u179,i4,1700003467
u22,i19,1700003471
u77,i8,1700003473
u12,i79,1700003474
u93,i7,1700003475
u95,i55,1700003475
u148,i41,1700003479
u47,i39,1700003483
u52,i41,1700003485
u197,i167,1700003485
u154,i4,1700003486
u49,i40,1700003486
u50,i63,1700003487
u79,i19,1700003488
u3,i60,1700003489
u114,i53,1700003493
u70,i22,1700003496
u56,i4,1700003496
u49,i36,1700003500
u29,i117,1700003501
u68,i166,1700003505
u41,i93,1700003507
u28,i4,1700003510
u150,i180,1700003510
u154,i69,1700003514
u60,i94,1700003516
u14,i96,1700003516
u100,i52,1700003517
u142,i81,1700003519
u131,i5,1700003519
u134,i20,1700003519
u47,i31,1700003522
u86,i23,1700003523
u188,i21,1700003527
u108,i3,1700003528
u174,i18,1700003529
u177,i139,1700003529
u107,i7,1700003531
u182,i102,1700003531
u49,i13,1700003535
u50,i32,1700003538
u66,i105,1700003540
u21,i31,1700003540
u169,i0,1700003542
u184,i351,1700003545
u74,i12,1700003548
u59,i4,1700003549
u12,i8,1700003550
u198,i32,1700003553
u18,i6,1700003555
u118,i87,1700003555
u121,i4,1700003556
u137,i20,1700003559
u124,i122,1700003559
u47,i71,1700003559
u56,i3,1700003562
u96,i58,1700003563
u149,i14,1700003563
u84,i38,1700003567
u107,i10,1700003569
u132,i28,1700003569
u163,i19,1700003570
u143,i101,1700003572
u191,i75,1700003576
u177,i45,1700003580
u76,i12,1700003584
u162,i11,1700003587
u33,i171,1700003591
u135,i92,1700003594
u144,i72,1700003598
u171,i24,1700003602
u112,i24,1700003606
u108,i25,1700003609
u89,i30,1700003613
u180,i340,1700003615
u44,i11,1700003615
u191,i6,1700003616
u129,i22,1700003619
u5,i73,1700003620
u2,i20,1700003624
u40,i233,1700003624
u152,i16,1700003625
u171,i34,1700003626
u151,i69,1700003626
u126,i40,1700003628
u96,i4,1700003630
u2,i11,1700003631
u30,i20,1700003635
u80,i5,1700003639
u160,i29,1700003639
u166,i68,1700003639
u44,i35,1700003641
u131,i31,1700003644
u80,i48,1700003648
u93,i108,1700003651
u99,i4,1700003654
u161,i222,1700003657
u132,i14,1700003660
u55,i11,1700003660
u71,i86,1700003664
u38,i3,1700003666
u185,i19,1700003670
u2,i11,1700003671
u1,i12,1700003672
u20,i15,1700003672
u108,i90,1700003674
u128,i13,1700003677
u26,i5,1700003679
u15,i2,1700003679
u54,i19,1700003680
u90,i56,1700003680
u123,i16,1700003683
u187,i21,1700003687
u175,i21,1700003689
u143,i19,1700003691
u198,i32,1700003693
u29,i4,1700003695
u126,i35,1700003698
u21,i0,1700003701
u109,i72,1700003703
u57,i38,1700003706
u160,i87,1700003707
u122,i13,1700003711
u156,i32,1700003713
u57,i26,1700003715
u142,i0,1700003716
u152,i24,1700003719
u71,i89,1700003722
u102,i48,1700003725
u8,i37,1700003728
u74,i60,1700003732
u103,i28,1700003735
u105,i36,1700003736
u187,i20,1700003738
u88,i26,1700003739
u75,i7,1700003742
u134,i11,1700003746
u3,i1,1700003749
u177,i4,1700003751
u44,i33,1700003754
u55,i6,1700003758
u33,i17,1700003760
u28,i5,1700003763
u32,i1,1700003764
u116,i23,1700003764
u41,i137,1700003768
u28,i24,1700003768
u71,i26,1700003768
u93,i209,1700003771
u56,i0,1700003774
u115,i62,1700003778
u166,i51,1700003782
u102,i52,1700003786
u96,i97,1700003786
u167,i23,1700003788
u148,i28,1700003792
u174,i12,1700003793
u85,i51,1700003793
u151,i30,1700003793
u20,i258,1700003796
u19,i25,1700003797
u105,i18,1700003801
u31,i37,1700003803
u162,i8,1700003805
u110,i56,1700003809
u80,i10,1700003810
u77,i31,1700003812
u97,i23,1700003815
u34,i60,1700003816
u13,i59,1700003817
u49,i37,1700003818
u19,i65,1700003820
u130,i83,1700003820
u47,i1,1700003822
u121,i17,1700003824
u89,i38,1700003826
u80,i5,1700003827
u71,i6,1700003829
u163,i257,1700003829
u166,i104,1700003829
u64,i15,1700003829
u173,i59,1700003830
u22,i82,1700003834
u126,i52,1700003836
u22,i88,1700003840
u40,i95,1700003840
u133,i33,1700003844
u67,i13,1700003844
u25,i17,1700003845
u186,i16,1700003848
u84,i14,1700003849
u37,i2,1700003851
u125,i18,1700003853
u198,i28,1700003857
u115,i3,1700003859
u181,i14,1700003859
u137,i399,1700003859
u74,i49,1700003861
u10,i51,1700003861
u1,i2,1700003863
u86,i15,1700003864
u12,i59,1700003865
u143,i23,1700003869
u1,i0,1700003869
u133,i62,1700003870
u143,i18,1700003870
u129,i104,1700003871
u189,i4,1700003874
u60,i6,1700003878
u13,i3,1700003880
u81,i69,1700003882
u57,i11,1700003882
u37,i5,1700003883
u84,i108,1700003887
u129,i19,1700003889
u192,i54,1700003890
u178,i36,1700003890
u83,i58,1700003891
u146,i17,1700003892
u87,i2,1700003895
u129,i77,1700003898
u36,i26,1700003902
u42,i2,1700003903
u12,i43,1700003905
u164,i111,1700003906
u8,i31,1700003910
u103,i10,1700003914
u134,i47,1700003917
u104,i39,1700003921
u68,i50,1700003922
u16,i163,1700003923
u36,i36,1700003926
u98,i100,1700003929
u63,i21,1700003931
u62,i109,1700003935
u84,i30,1700003939
u148,i4,1700003943
u89,i3,1700003946
u27,i19,1700003948
u147,i36,1700003951
u176,i34,1700003954
u80,i7,1700003954
u199,i2,1700003957
u162,i47,1700003957
u87,i9,1700003959
u186,i20,1700003961
u66,i73,1700003963
u21,i3,1700003964
u176,i31,1700003965
u4,i7,1700003969
u134,i6,1700003972
u149,i119,1700003972
u87,i13,1700003975
u40,i22,1700003975
u29,i14,1700003976
u102,i55,1700003979
u117,i242,1700003983
u94,i46,1700003986
u135,i30,1700003987
u10,i211,1700003987
u97,i15,1700003990
u123,i121,1700003992
u121,i36,1700003996
u63,i82,1700003998
u70,i33,1700003999
u104,i26,1700004003
u109,i272,1700004005
u80,i203,1700004008
u8,i18,1700004009
u112,i88,1700004011
u127,i225,1700004014
u10,i17,1700004017
u28,i2,1700004019
u24,i195,1700004021
u151,i18,1700004023
u126,i38,1700004026
u159,i52,1700004027
u102,i8,1700004027
u11,i89,1700004029
u157,i16,1700004029
u197,i170,1700004031
u65,i18,1700004032
u143,i0,1700004034
u82,i1,1700004036
u135,i34,1700004040
u133,i40,1700004042
u105,i37,1700004044
u32,i26,1700004048
u142,i21,1700004051
u79,i42,1700004051
u176,i47,1700004053
u60,i16,1700004057
u142,i33,1700004061
u69,i47,1700004064
u186,i76,1700004067
u36,i6,1700004070
u176,i62,1700004073
u97,i219,1700004076
u130,i14,1700004080
u33,i13,1700004080
u47,i219,1700004080
u198,i39,1700004080
u180,i14,1700004082
u186,i53,1700004083
u134,i1,1700004083
u136,i42,1700004083
u169,i120,1700004084
u5,i248,1700004084
u46,i0,1700004087
u107,i1,1700004087
u152,i70,1700004089
u13,i7,1700004092
u111,i36,1700004094
u16,i7,1700004096
u38,i59,1700004099
u93,i1,1700004103
u149,i3,1700004103
u164,i130,1700004104
u142,i9,1700004105
u192,i57,1700004108
u148,i1,1700004110
u93,i169,1700004114
u141,i10,1700004117
u97,i20,1700004117
u92,i28,1700004118
u127,i16,1700004120
u26,i86,1700004123
u105,i13,1700004125
u91,i1,1700004128
u195,i76,1700004132
u54,i15,1700004132
u30,i23,1700004133
u3,i1,1700004133
u168,i181,1700004137
u100,i44,1700004137
u115,i34,1700004141
u86,i68,1700004145
u185,i12,1700004146
u63,i253,1700004149
u111,i173,1700004151
u101,i51,1700004154
u25,i61,1700004158
u18,i2,1700004162
u101,i76,1700004163
u179,i12,1700004165
u193,i100,1700004166
u25,i19,1700004166
u8,i6,1700004169
u180,i37,1700004173
u115,i5,1700004177
u39,i6,1700004181
u39,i9,1700004181
u103,i4,1700004181
u41,i45,1700004185
u199,i354,1700004187
u164,i62,1700004189
u37,i15,1700004191
u145,i1,1700004195
u78,i50,1700004195
u154,i137,1700004197
u5,i39,1700004201
u46,i19,1700004203
u56,i57,1700004204
u88,i84,1700004204
u4,i26,1700004208
u117,i24,1700004212
u8,i3,1700004216
u163,i4,1700004219
u64,i13,1700004220
u75,i19,1700004220
u188,i106,1700004224
u64,i42,1700004224
u5,i4,1700004224
u51,i0,1700004228
u159,i39,1700004228
u178,i2,1700004230
u136,i5,1700004230
u107,i28,1700004232
u198,i150,1700004235
u145,i36,1700004238
u111,i4,1700004240
u139,i1,1700004240
u98,i57,1700004243
u171,i25,1700004247
u139,i7,1700004251
u142,i32,1700004253
u186,i297,1700004254
u198,i2,1700004257
u77,i14,1700004260
u87,i27,1700004262
u7,i1,1700004262
u81,i3,1700004263
u188,i11,1700004265
u85,i6,1700004267
u145,i1,1700004270
u191,i7,1700004274
u59,i42,1700004276
u21,i362,1700004277
u100,i8,1700004281
u164,i35,1700004282
u107,i434,1700004285
u52,i22,1700004286
u9,i51,1700004288
u122,i77,1700004289
u66,i53,1700004289
u136,i80,1700004289
u101,i30,1700004292
u154,i14,1700004292
u110,i6,1700004294
u74,i0,1700004298
u98,i1,1700004302
u142,i10,1700004303
u125,i150,1700004306
u191,i1,1700004307
u57,i53,1700004309
u57,i31,1700004309
u102,i36,1700004310
u70,i18,1700004313
u108,i1,1700004315
u28,i1,1700004315
u192,i54,1700004316
u160,i115,1700004317
u149,i41,1700004321
u160,i28,1700004323
u61,i33,1700004327
u91,i7,1700004328
u30,i447,1700004328
u112,i20,1700004332
u136,i50,1700004332
u56,i1,1700004333
u26,i228,1700004335
u120,i33,1700004339
u65,i20,1700004342
u136,i20,1700004344
u61,i124,1700004344
u146,i23,1700004344
u71,i63,1700004346
u133,i6,1700004347
u118,i104,1700004347
u199,i16,1700004347
u18,i13,1700004351
u3,i0,1700004355
u187,i24,1700004358
u73,i34,1700004360
u129,i273,1700004362
u173,i22,1700004366
u79,i20,1700004369
u65,i8,1700004373
u153,i33,1700004376
u199,i12,1700004377
u1,i4,1700004379
u199,i53,1700004380
u43,i38,1700004382
u89,i103,1700004386
u154,i56,1700004386
u1,i50,1700004389
u158,i14,1700004389
u76,i15,1700004391
u150,i103,1700004394
u171,i23,1700004396
u118,i6,1700004400
u129,i32,1700004400
u123,i21,1700004402
u146,i16,1700004405
u191,i45,1700004405
u82,i110,1700004408
u9,i332,1700004411
u167,i8,1700004414
u134,i20,1700004415
u122,i59,1700004418
u100,i8,1700004421
u4,i36,1700004423
u140,i62,1700004426
u184,i1,1700004426
u82,i14,1700004426
u28,i38,1700004430
u141,i26,1700004431
u25,i9,1700004435
u43,i60,1700004438
u47,i39,1700004438
u68,i46,1700004438
u172,i53,1700004439
u79,i4,1700004442
u129,i5,1700004442
u1,i118,1700004446
u19,i7,1700004447
u196,i4,1700004447
u126,i114,1700004450
u100,i134,1700004452
u165,i66,1700004453
u87,i11,1700004453
u61,i3,1700004457
u166,i5,1700004461
u136,i33,1700004463
u189,i104,1700004466
u134,i9,1700004470
u14,i264,1700004473
u14,i5,1700004475
u174,i49,1700004478
u6,i4,1700004480
u26,i52,1700004481
u43,i19,1700004485
u2,i244,1700004485
u67,i43,1700004486
u149,i90,1700004490
u178,i10,1700004491
u21,i14,1700004492
u86,i53,1700004496
u144,i42,1700004497
u110,i29,1700004499
u95,i48,1700004500
u128,i8,1700004502
u129,i42,1700004504
u184,i6,1700004508
u126,i38,1700004512
u173,i0,1700004515
u73,i7,1700004516
u124,i58,1700004517
u140,i2,1700004518
u170,i164,1700004521
u34,i17,1700004522
u109,i0,1700004522
u3,i2,1700004523
u69,i8,1700004525
u150,i16,1700004526
u40,i82,1700004527
u90,i7,1700004531
u132,i93,1700004531
u81,i8,1700004533
u198,i5,1700004537
u57,i96,1700004539
u81,i6,1700004542
u87,i68,1700004544
u128,i36,1700004546
u78,i27,1700004550
u137,i17,1700004554
u198,i52,1700004554
u7,i8,1700004554
u7,i2,1700004557
u140,i22,1700004557
u143,i0,1700004557
u68,i12,1700004561
u154,i37,1700004564
u4,i33,1700004568
u84,i134,1700004569
u1,i15,1700004573
u84,i5,1700004575
u85,i13,1700004578
u83,i83,1700004579
u47,i15,1700004581
u95,i22,1700004583
u152,i19,1700004587
u51,i5,1700004588
u162,i0,1700004588
u14,i35,1700004588
u92,i25,1700004589
u87,i21,1700004590
u12,i60,1700004594
u84,i39,1700004594
u69,i34,1700004596
u37,i19,1700004596
u193,i2,1700004598
u153,i113,1700004601
u50,i63,1700004602
u154,i30,1700004603
u80,i16,1700004605
u127,i201,1700004609
u76,i7,1700004610
u37,i19,1700004613
u58,i14,1700004613
u3,i204,1700004616
u73,i2,1700004617
u45,i54,1700004618
u116,i69,1700004618
u183,i19,1700004621
u49,i37,1700004621
u38,i156,1700004623
u42,i26,1700004625
u126,i9,1700004627
u183,i31,1700004631
u172,i77,1700004635
u165,i26,1700004637
u135,i16,1700004639
u17,i2,1700004640
u109,i434,1700004642
u51,i0,1700004645
u3,i0,1700004646
u157,i191,1700004648
u93,i28,1700004648
u154,i8,1700004648
u130,i372,1700004651
u43,i46,1700004655
u190,i32,1700004657
u142,i21,1700004661
u27,i36,1700004664
u163,i3,1700004667
u186,i1,1700004667
u46,i18,1700004671
u89,i49,1700004671
u111,i11,1700004673
u31,i1,1700004676
u63,i70,1700004677
u193,i86,1700004679
u145,i83,1700004682
u81,i8,1700004684
u41,i16,1700004686
u77,i72,1700004689
u5,i2,1700004693
u144,i54,1700004693
u180,i58,1700004695
u89,i36,1700004697
u75,i33,1700004698
u59,i10,1700004701
u194,i82,1700004703
u156,i7,1700004705
u19,i91,1700004709
u121,i13,1700004710
u135,i0,1700004713
u163,i61,1700004717
u3,i42,1700004717
u129,i85,1700004721
u54,i34,1700004722
u118,i18,1700004723
u85,i23,1700004723
u6,i129,1700004723
u14,i3,1700004724
u172,i112,1700004728
u103,i78,1700004728
u122,i5,1700004730
u161,i23,1700004730
u56,i176,1700004732
u171,i19,1700004733
u119,i24,1700004736
u41,i71,1700004737
u69,i52,1700004739
u104,i171,1700004741
u141,i9,1700004744
u158,i90,1700004746
u64,i33,1700004747
u119,i10,1700004748
u152,i10,1700004748
u166,i15,1700004751
u168,i61,1700004751
u94,i26,1700004752
u135,i123,1700004754
u11,i161,1700004757
u124,i52,1700004758
u142,i33,1700004762
u178,i116,1700004764
u28,i84,1700004764
u68,i2,1700004767
u49,i6,1700004771
u159,i35,1700004774
u7,i18,1700004774
u174,i75,1700004775
u74,i62,1700004776
u117,i24,1700004779
u197,i18,1700004783
u145,i122,1700004784
u132,i65,1700004785
u169,i24,1700004787
u64,i17,1700004788
u105,i9,1700004791
u132,i8,1700004794
u96,i16,1700004797
u156,i210,1700004800
u196,i6,1700004801
u79,i1,1700004804
u49,i340,1700004808
u186,i229,1700004810
u9,i26,1700004812
u160,i38,1700004814
u116,i22,1700004817
u123,i200,1700004818
u125,i13,1700004819
u86,i25,1700004820
u16,i10,1700004824
u44,i9,1700004825
u12,i23,1700004825
u42,i0,1700004827
u2,i4,1700004828
u116,i72,1700004829
u114,i9,1700004829
u33,i50,1700004832
u183,i22,1700004833
u11,i59,1700004835
u153,i31,1700004837
u21,i6,1700004841
u130,i2,1700004845
u48,i75,1700004846
u120,i10,1700004847
u40,i13,1700004850
u90,i63,1700004854
u53,i10,1700004854
u132,i11,1700004857
u183,i19,1700004859
u199,i24,1700004859
u67,i373,1700004860
u52,i37,1700004861
u187,i32,1700004864
u130,i123,1700004864
u168,i21,1700004867
u40,i116,1700004870
u15,i49,1700004871
u150,i9,1700004872
u171,i36,1700004872
u98,i16,1700004874
u119,i34,1700004877
u107,i25,1700004881
u64,i33,1700004885
u157,i3,1700004888
u146,i1,1700004890
u22,i388,1700004892
u13,i48,1700004892
u61,i8,1700004892
u73,i6,1700004895
u112,i16,1700004899
u25,i13,1700004903
u35,i15,1700004904
u84,i14,1700004905
u193,i127,1700004906
u161,i36,1700004906
u97,i8,1700004907
u107,i8,1700004909
u11,i86,1700004913
u195,i3,1700004915
u111,i6,1700004918
u181,i7,1700004918
u42,i15,1700004919
u196,i15,1700004923
u77,i54,1700004926
u75,i4,1700004927
u45,i15,1700004928
u119,i2,1700004930
u79,i4,1700004934
u21,i30,1700004936
u168,i14,1700004937
u86,i2,1700004937
u171,i13,1700004939
u103,i10,1700004943
u149,i26,1700004946
u163,i29,1700004950
u167,i2,1700004952
u23,i13,1700004953
u2,i27,1700004957
u121,i217,1700004960
u46,i42,1700004964
u135,i328,1700004966
u148,i15,1700004966
u171,i11,1700004970
u115,i115,1700004970
u69,i19,1700004972
u150,i27,1700004972
u16,i44,1700004975
u36,i29,1700004975
u189,i20,1700004978
u139,i27,1700004978
u21,i16,1700004981
u159,i3,1700004983
u128,i6,1700004985
u156,i160,1700004987
u36,i23,1700004991
u131,i58,1700004992
u71,i34,1700004993
u105,i5,1700004997
u171,i116,1700004997
u142,i27,1700004998
u112,i375,1700005001
u51,i63,1700005002
u15,i17,1700005003
u116,i49,1700005007
u10,i23,1700005011
u196,i1,1700005014
u20,i0,1700005016
u84,i84,1700005016
u61,i85,1700005017
u195,i36,1700005019
u100,i53,1700005023
u122,i26,1700005023
u100,i35,1700005026
u49,i19,1700005027
u128,i179,1700005027
u141,i4,1700005030
u148,i3,1700005034
u49,i0,1700005034
u3,i60,1700005034
u89,i28,1700005036
u117,i25,1700005039
u68,i130,1700005039
u65,i14,1700005039
u90,i88,1700005039
u148,i47,1700005043
u148,i87,1700005046
u23,i139,1700005046
u134,i52,1700005050
u149,i93,1700005052
u198,i13,1700005055
u166,i138,1700005056
u74,i1,1700005056
u196,i14,1700005056
u31,i6,1700005056
u179,i52,1700005056
u28,i231,1700005058
u63,i15,1700005062
u48,i1,1700005064
u67,i7,1700005065
u99,i18,1700005066
u174,i2,1700005066
u85,i80,1700005066
u187,i0,1700005068
u71,i1,1700005068
u194,i136,1700005068
u41,i9,1700005072
u152,i51,1700005074
u145,i7,1700005077
u140,i7,1700005077
u54,i17,1700005079
u21,i4,1700005079
u197,i44,1700005080
u8,i9,1700005082
u109,i179,1700005084
u18,i0,1700005084
u7,i151,1700005086
u117,i41,1700005090
u70,i9,1700005094
u103,i12,1700005096
u66,i2,1700005096
u174,i46,1700005098
u51,i4,1700005102
u178,i214,1700005102
u94,i7,1700005106
u119,i48,1700005110
u82,i32,1700005114
u183,i64,1700005115
u148,i258,1700005117
u152,i17,1700005117
u193,i12,1700005121
u189,i1,1700005125
u35,i39,1700005125
u171,i412,1700005128
u147,i78,1700005129
u108,i172,1700005130
u188,i160,1700005134
u56,i36,1700005137
u63,i4,1700005141
u147,i20,1700005142
u150,i17,1700005144
u32,i16,1700005147
u7,i2,1700005147
u192,i10,1700005151
u75,i21,1700005151
u194,i27,1700005153
u138,i52,1700005154
u108,i227,1700005155
u7,i27,1700005155
u98,i114,1700005157
u170,i1,1700005157
u69,i1,1700005161
u184,i122,1700005161
u153,i40,1700005164
u116,i23,1700005166
u56,i29,1700005169
u80,i13,1700005170
u66,i47,1700005171
u53,i23,1700005174
u174,i1,1700005178
u122,i6,1700005179
u169,i4,1700005183
u139,i35,1700005184
u25,i2,1700005187
u95,i84,1700005190
u106,i32,1700005194
u155,i339,1700005197
u125,i127,1700005201
u130,i22,1700005203
u83,i6,1700005204
u169,i20,1700005207
u96,i284,1700005207
u47,i98,1700005211
u8,i49,1700005213
u119,i151,1700005217
u118,i9,1700005217
u104,i77,1700005219
u147,i31,1700005222
u117,i25,1700005225
u161,i42,1700005229
u190,i54,1700005232
u11,i2,1700005232
u39,i65,1700005235
u57,i18,1700005235
u87,i203,1700005239
u1,i5,1700005240
u123,i46,1700005242
u59,i45,1700005244
u19,i46,1700005245
u51,i17,1700005245
u147,i32,1700005246
u78,i39,1700005246
u31,i5,1700005249
u100,i21,1700005249
u21,i18,1700005253
u118,i6,1700005256
u59,i2,1700005256
u25,i6,1700005258
u8,i15,1700005262
u199,i67,1700005263
u5,i11,1700005265
u26,i29,1700005265
u59,i364,1700005268
u29,i5,1700005272
u2,i54,1700005275
u63,i174,1700005277
u53,i46,1700005279
u95,i5,1700005279
u14,i98,1700005280
u31,i74,1700005280
u56,i11,1700005284
u48,i21,1700005288
u147,i27,1700005292
u12,i31,1700005294
u102,i17,1700005294
u191,i117,1700005297
u35,i12,1700005301
u86,i8,1700005301
u128,i17,1700005301
u8,i68,1700005304
u58,i266,1700005304
u28,i16,1700005304
u186,i25,1700005307
u74,i3,1700005309
u120,i16,1700005312
u182,i20,1700005316
u184,i162,1700005319
u17,i2,1700005320
u186,i401,1700005320
u52,i189,1700005321
u163,i495,1700005325
u125,i6,1700005325
u183,i10,1700005328
u167,i285,1700005331
u70,i61,1700005332
u62,i0,1700005333
u110,i4,1700005334
u127,i0,1700005335
u93,i370,1700005337
u105,i8,1700005340
u95,i48,1700005341
u31,i7,1700005343
u133,i17,1700005345
u146,i7,1700005347
u40,i3,1700005348
u96,i3,1700005352
u123,i58,1700005352
u57,i12,1700005354
u90,i10,1700005355
u170,i11,1700005358
u27,i247,1700005362
u176,i11,1700005362
u95,i265,1700005366
u167,i149,1700005370
u75,i0,1700005371
u95,i0,1700005374
u18,i5,1700005375
u2,i8,1700005379
u8,i13,1700005381
u10,i292,1700005383
u153,i20,1700005387
u177,i1,1700005390
u66,i10,1700005391
u45,i64,1700005392
u174,i17,1700005395
u68,i15,1700005396
u51,i7,1700005399
u125,i11,1700005403
u184,i9,1700005403
u123,i52,1700005407
u147,i334,1700005410
u12,i0,1700005410
u137,i65,1700005410
u169,i3,1700005412
u21,i22,1700005413
u46,i125,1700005417
u93,i33,1700005421
u118,i292,1700005424
u147,i80,1700005425
u41,i4,1700005428
u114,i120,1700005430
u82,i47,1700005432
u55,i0,1700005434
u182,i22,1700005436
u135,i5,1700005438
u36,i7,1700005442
u196,i4,1700005444
u57,i166,1700005446
u106,i13,1700005450
u13,i16,1700005452
u110,i137,1700005452
u120,i49,1700005454
u156,i51,1700005454
u87,i3,1700005455
u30,i8,1700005458
u194,i5,1700005460
u126,i17,1700005463
u109,i96,1700005465
u185,i173,1700005468
u68,i44,1700005468
u16,i41,1700005471
u47,i5,1700005471
u194,i5,1700005473
u171,i26,1700005475
u102,i99,1700005475
u98,i20,1700005476
u33,i7,1700005476
u126,i18,1700005477
u53,i3,1700005480
u153,i11,1700005483
u198,i8,1700005485
u196,i9,1700005487
u146,i19,1700005491
u73,i7,1700005493
u141,i95,1700005494
u31,i110,1700005498
u148,i0,1700005498
u58,i19,1700005500
u9,i63,1700005502
u189,i233,1700005503
u70,i28,1700005504
u193,i173,1700005507
u136,i287,1700005510
u45,i274,1700005511
u116,i300,1700005513
u57,i5,1700005513
u167,i50,1700005516
u172,i227,1700005520
u170,i2,1700005520
u151,i4,1700005522
u192,i43,1700005522
u50,i0,1700005525
u108,i78,1700005527
u1,i9,1700005531
u116,i66,1700005532
u118,i4,1700005536
u8,i3,1700005536
u191,i1,1700005536
u17,i29,1700005539
u89,i6,1700005541
u124,i270,1700005545
u177,i496,1700005548
u192,i3,1700005550
u80,i178,1700005553
u44,i2,1700005553
u194,i9,1700005557
u66,i2,1700005557
u134,i68,1700005557
u154,i26,1700005561
u199,i271,1700005565
u62,i38,1700005566
u118,i346,1700005567
u153,i13,1700005571
u97,i28,1700005575
u192,i246,1700005579
u33,i52,1700005582
u5,i32,1700005583
u61,i131,1700005586
u101,i9,1700005590
u186,i57,1700005590
u9,i1,1700005594
u151,i110,1700005598
u66,i8,1700005599
u64,i1,1700005602
u149,i13,1700005605
u3,i1,1700005607
u49,i139,1700005607
u68,i62,1700005611
u136,i6,1700005615
u167,i5,1700005617
u166,i260,1700005620
u31,i26,1700005623
u196,i28,1700005627
u72,i29,1700005629
u133,i27,1700005629
u174,i16,1700005631
u26,i12,1700005631
u18,i9,1700005635
u194,i32,1700005638
u199,i6,1700005642
u23,i42,1700005644
u34,i123,1700005647
u20,i4,1700005647
u121,i56,1700005650
u114,i15,1700005654
u159,i106,1700005655
u147,i37,1700005658
u67,i3,1700005660
u154,i0,1700005663
u67,i73,1700005667
u155,i259,1700005670
u101,i50,1700005670
u120,i5,1700005673
u83,i61,1700005676
u62,i100,1700005677
u60,i26,1700005679
u22,i4,1700005683
u99,i406,1700005683
u145,i34,1700005683
u103,i26,1700005684
u176,i60,1700005687
u66,i156,1700005688
u46,i31,1700005691
u177,i5,1700005691
u15,i28,1700005693
u187,i10,1700005693
u128,i65,1700005694
u21,i243,1700005696
u175,i2,1700005700
u192,i1,1700005701
u192,i3,1700005704
u124,i2,1700005705
u132,i9,1700005709
u187,i97,1700005711
u114,i6,1700005712
u138,i45,1700005712
u115,i31,1700005715
u93,i1,1700005716
u43,i24,1700005719
u111,i24,1700005719
u94,i12,1700005720
u22,i7,1700005720
u87,i168,1700005722
u196,i3,1700005722
u42,i47,1700005723
u142,i31,1700005724
u76,i7,1700005728
u95,i77,1700005728
u192,i117,1700005728
u169,i24,1700005728
u107,i3,1700005730
u139,i3,1700005734
u28,i27,1700005737
u192,i108,1700005741
u108,i9,1700005741
u156,i43,1700005741
u53,i143,1700005744
u27,i12,1700005748
u153,i118,1700005751
u113,i92,1700005751
u110,i10,1700005751
u111,i25,1700005752
u176,i151,1700005754
u48,i47,1700005757
u140,i81,1700005758
u164,i18,1700005758
u95,i280,1700005759
u145,i11,1700005759
u49,i112,1700005763
u128,i21,1700005763
u119,i68,1700005764
u45,i20,1700005765
u113,i405,1700005767
u193,i144,1700005768
u125,i4,1700005772
u75,i1,1700005774
u94,i1,1700005778
u107,i17,1700005779
u154,i24,1700005782
u47,i4,1700005785
u166,i58,1700005787
u42,i23,1700005787
u16,i42,1700005790
u62,i0,1700005790
u15,i33,1700005791
u31,i10,1700005791
u44,i28,1700005792
u27,i38,1700005793
u121,i18,1700005794
u77,i133,1700005797
u95,i109,1700005797
u136,i18,1700005801
u72,i9,1700005802
u2,i61,1700005803
u26,i279,1700005806
u122,i38,1700005808
u135,i1,1700005809
u80,i314,1700005810
u190,i3,1700005811
u96,i72,1700005813
u93,i50,1700005816
u18,i55,1700005820
u187,i225,1700005821
u71,i28,1700005825
u14,i33,1700005829
u110,i4,1700005829
u28,i17,1700005829
u196,i86,1700005831
u19,i15,1700005835
u194,i0,1700005839
u34,i10,1700005842
u143,i8,1700005845
u89,i168,1700005845
u140,i51,1700005849
u103,i6,1700005853
u128,i7,1700005857
u21,i2,1700005861
u145,i19,1700005865
u41,i13,1700005865
u9,i15,1700005865
u55,i422,1700005867
u34,i32,1700005867
u164,i17,1700005868
u159,i23,1700005870
u164,i385,1700005870
u93,i54,1700005874
u114,i70,1700005875
u87,i52,1700005875
u30,i249,1700005877
u154,i2,1700005879
u72,i30,1700005880
u131,i31,1700005880
u175,i3,1700005882
u184,i16,1700005884
u190,i55,1700005886
u158,i170,1700005890
u118,i374,1700005891
u15,i0,1700005891
u5,i24,1700005891
u24,i49,1700005891
u130,i14,1700005893
u21,i2,1700005894
u34,i4,1700005898
u132,i19,1700005898
u137,i73,1700005898
u21,i41,1700005902
u6,i1,1700005903
u10,i68,1700005906
u26,i252,1700005906
u145,i1,1700005909
u10,i94,1700005910
u76,i39,1700005912
u149,i30,1700005912
u53,i23,1700005912
u176,i17,1700005916
u8,i27,1700005920
u123,i98,1700005921
u95,i60,1700005921
u111,i39,1700005922
u94,i10,1700005924
u106,i0,1700005925
u45,i71,1700005929
u26,i10,1700005929
u197,i27,1700005932
u101,i0,1700005932
u189,i3,1700005933
u20,i17,1700005935
u62,i36,1700005936
u55,i26,1700005939
u54,i100,1700005940
u173,i28,1700005944
u138,i0,1700005944
u156,i31,1700005944
u53,i28,1700005944
u79,i45,1700005947
u146,i102,1700005950
u153,i316,1700005954
u39,i6,1700005958
u168,i2,1700005959
u109,i0,1700005961
u53,i184,1700005963
u30,i55,1700005963
u184,i28,1700005966
u55,i14,1700005967
u127,i10,1700005971
u193,i63,1700005974
u132,i4,1700005975
u112,i48,1700005979
u156,i225,1700005980
u105,i16,1700005982
u194,i16,1700005985
u4,i76,1700005986
u77,i159,1700005986
u137,i65,1700005990
u4,i5,1700005990
u141,i18,1700005993
u9,i19,1700005996
u175,i10,1700006000
u153,i9,1700006000
u94,i36,1700006000
u195,i10,1700006003
u61,i7,1700006005
u57,i112,1700006007
u77,i5,1700006007
u184,i420,1700006008
u104,i31,1700006008
u69,i48,1700006008
u180,i18,1700006009
u132,i145,1700006010
u75,i28,1700006012
u81,i51,1700006012
u55,i2,1700006014
u113,i3,1700006016
u170,i86,1700006018
u45,i30,1700006020
u92,i67,1700006022
u192,i20,1700006026
u87,i6,1700006030
u124,i71,1700006031
u17,i15,1700006033
u193,i5,1700006037
u85,i59,1700006040
u28,i9,1700006040
u51,i162,1700006040
u70,i40,1700006044
u34,i17,1700006047
u92,i60,1700006051
u59,i90,1700006053
u197,i8,1700006057
u189,i5,1700006060
u19,i13,1700006062
u131,i93,1700006066
u144,i102,1700006066
u36,i32,1700006068
u93,i2,1700006068
u162,i15,1700006068
u123,i3,1700006070
u13,i24,1700006072
u132,i160,1700006072
u38,i2,1700006073
u78,i49,1700006076
u151,i9,1700006079
u199,i106,1700006080
u156,i76,1700006084
u53,i137,1700006086
u100,i90,1700006087
u171,i19,1700006090
u22,i359,1700006094
u186,i31,1700006097
u86,i15,1700006100
u187,i209,1700006104
u120,i94,1700006106
u168,i82,1700006106
u89,i17,1700006106
u7,i13,1700006110
u64,i52,1700006113
u177,i270,1700006117
u2,i17,1700006117
u70,i7,1700006119
u47,i110,1700006122
u55,i470,1700006123
u74,i141,1700006123
u149,i57,1700006123
u13,i16,1700006125
u16,i74,1700006126
u93,i49,1700006130
u173,i77,1700006132
u112,i8,1700006133
u116,i73,1700006134
u199,i11,1700006137
u66,i52,1700006141
u175,i49,1700006143
u83,i26,1700006146
u147,i53,1700006149
u124,i110,1700006152
u78,i45,1700006156
u176,i9,1700006158
u84,i25,1700006160
u167,i18,1700006164
u27,i59,1700006166
u86,i154,1700006169
u180,i12,1700006169
u46,i197,1700006170
u24,i35,1700006171
u55,i119,1700006174
u64,i1,1700006174
u128,i6,1700006177
u134,i9,1700006178
u164,i92,1700006182
u27,i17,1700006184
u86,i2,1700006188
u37,i60,1700006191
u28,i48,1700006195
u78,i23,1700006195
u109,i4,1700006196
u39,i62,1700006199
u13,i50,1700006199
u92,i83,1700006202
u107,i15,1700006202
u62,i0,1700006206
u16,i3,1700006207
u23,i337,1700006209
u22,i275,1700006212
u26,i0,1700006213
u79,i18,1700006214
u97,i18,1700006217
u186,i37,1700006221
u63,i83,1700006221
u122,i9,1700006222
u124,i62,1700006225
u82,i3,1700006227
u182,i18,1700006230
u46,i20,1700006230
u185,i87,1700006231
u118,i26,1700006231
u118,i63,1700006233
u128,i268,1700006237
u173,i104,1700006238
u48,i16,1700006239
u139,i19,1700006241
u160,i21,1700006245
u3,i115,1700006249
u101,i108,1700006249
u72,i109,1700006251
u10,i88,1700006254
u87,i47,1700006255
u197,i16,1700006256
u19,i87,1700006259
u18,i4,1700006262
u31,i93,1700006265
u140,i19,1700006268
u81,i22,1700006269
u172,i63,1700006273
u156,i24,1700006276
u12,i12,1700006280
u1,i74,1700006283
u52,i18,1700006283
u84,i312,1700006285
u19,i129,1700006286
u158,i32,1700006288
u147,i41,1700006291
u2,i1,1700006295
u54,i14,1700006298
u130,i41,1700006302
u116,i259,1700006305
u17,i23,1700006305
u50,i10,1700006305
u46,i44,1700006307
u13,i57,1700006309
u106,i386,1700006310
u39,i253,1700006314
u50,i16,1700006314
u177,i8,1700006314
u1,i21,1700006316
u41,i19,1700006316
u2,i15,1700006319
u181,i9,1700006321
u68,i46,1700006324
u48,i0,1700006325
u180,i26,1700006327
u28,i20,1700006328
u54,i38,1700006332
u46,i70,1700006332
u84,i102,1700006332
u153,i23,1700006336
u101,i2,1700006336
u189,i26,1700006336
u185,i92,1700006338
u37,i52,1700006341
u143,i22,1700006342
u14,i1,1700006344
u10,i366,1700006348
u189,i111,1700006350
u71,i155,1700006351
u185,i19,1700006352
u27,i153,1700006352
u139,i80,1700006353
u132,i98,1700006353
u94,i2,1700006354
u105,i5,1700006355
u186,i38,1700006359
u152,i255,1700006362
u150,i33,1700006364
u6,i19,1700006368
u53,i47,1700006370
u45,i76,1700006373
u187,i171,1700006376
u2,i162,1700006379
u189,i170,1700006383
u47,i97,1700006386
u148,i0,1700006386
u6,i179,1700006387
u65,i13,1700006391
u148,i79,1700006393
u61,i2,1700006396
u179,i4,1700006400
u16,i0,1700006401
u169,i40,1700006402
u75,i68,1700006402
u15,i198,1700006402
u21,i10,1700006402
u60,i74,1700006403
u82,i409,1700006403
u33,i129,1700006404
u144,i46,1700006404
u36,i28,1700006404
u3,i51,1700006408
u67,i0,1700006409
u2,i0,1700006410
u40,i24,1700006412
u104,i15,1700006416
u75,i81,1700006418
u121,i265,1700006421
u129,i92,1700006421
u90,i16,1700006423
u185,i239,1700006424
u10,i0,1700006427
u141,i12,1700006428
u149,i20,1700006432
u18,i1,1700006433
u59,i61,1700006433
u34,i244,1700006433
u116,i69,1700006434
u100,i11,1700006438
u183,i35,1700006440
u157,i48,1700006441
u50,i19,1700006445
u143,i8,1700006447
u165,i5,1700006451
u143,i178,1700006455
u190,i27,1700006458
u177,i18,1700006460
u49,i9,1700006464
u96,i89,1700006465
u8,i25,1700006467
u199,i1,1700006467
u20,i31,1700006471
u28,i91,1700006473
u7,i12,1700006477
u63,i232,1700006481
u160,i29,1700006482
u91,i39,1700006486
u154,i101,1700006488
u176,i74,1700006488
u5,i27,1700006492
u96,i16,1700006493
u114,i16,1700006493
u59,i34,1700006495
u11,i162,1700006498
u178,i3,1700006498
u86,i85,1700006500
u85,i21,1700006502
u123,i16,1700006502
u15,i94,1700006506
u76,i136,1700006509
u81,i35,1700006513
u72,i123,1700006517
u4,i27,1700006519
u14,i18,1700006520
u5,i0,1700006520
u50,i261,1700006521
u14,i77,1700006522
u109,i11,1700006524
u42,i1,1700006526
u122,i0,1700006529
u183,i282,1700006533
u78,i59,1700006535
u26,i1,1700006536
u152,i5,1700006537
u71,i19,1700006537
u17,i32,1700006537
u22,i1,1700006539
u87,i288,1700006542
u119,i6,1700006543
u168,i130,1700006547
u58,i32,1700006547
u179,i3,1700006551
u53,i35,1700006552
u191,i6,1700006554
u161,i26,1700006557
u71,i89,1700006560
u53,i12,1700006562
u17,i3,1700006563
u182,i13,1700006565
u105,i27,1700006569
u11,i43,1700006570
u100,i39,1700006572
u13,i135,1700006575
u58,i53,1700006576
u17,i7,1700006576
u128,i130,1700006578
u48,i15,1700006581
u157,i61,1700006585
u132,i47,1700006586
u39,i23,1700006588
u195,i16,1700006590
u190,i109,1700006590
u63,i30,1700006590
u169,i365,1700006593
u54,i83,1700006594
u17,i73,1700006597
u170,i3,1700006601
u126,i35,1700006604
u20,i21,1700006605
u79,i57,1700006605
u117,i23,1700006605
u5,i96,1700006605
u196,i136,1700006609
u92,i11,1700006613
u74,i1,1700006613
u129,i44,1700006615
u18,i25,1700006619
u116,i59,1700006622
u158,i101,1700006625
u183,i6,1700006629
u46,i73,1700006629
u178,i29,1700006632
u101,i120,1700006636
u28,i173,1700006640
u157,i18,1700006641
u15,i13,1700006641
u77,i44,1700006643
u115,i24,1700006647
u65,i148,1700006650
u159,i90,1700006650
u119,i4,1700006651
u66,i15,1700006652
u74,i2,1700006653
u92,i9,1700006653
u56,i1,1700006655
u95,i9,1700006657
u105,i142,1700006660
u63,i57,1700006663
u28,i63,1700006665
u188,i61,1700006666
u144,i1,1700006666
u193,i47,1700006669
u96,i138,1700006669
u145,i33,1700006670
u177,i11,1700006674
u159,i44,1700006676
u55,i26,1700006679
u195,i55,1700006682
u44,i7,1700006682
u166,i2,1700006682
u172,i40,1700006686
u81,i11,1700006689
u143,i37,1700006690
u14,i8,1700006693
u53,i15,1700006695
u161,i20,1700006698
u87,i130,1700006702
u114,i77,1700006705
u14,i96,1700006708
u184,i30,1700006711
u18,i48,1700006712
u121,i356,1700006713
u117,i35,1700006716
u110,i6,1700006718
u68,i14,1700006719
u21,i181,1700006720
u140,i39,1700006721
u191,i42,1700006722
u137,i192,1700006724
u3,i34,1700006727
u129,i23,1700006731
u52,i30,1700006731
u101,i32,1700006734
u192,i55,1700006736
u170,i71,1700006737
u195,i22,1700006740
u196,i384,1700006743
u76,i182,1700006745
u85,i42,1700006745
u53,i41,1700006748
u28,i217,1700006749
u58,i34,1700006750
u156,i26,1700006751
u133,i199,1700006753
u45,i15,1700006753
u104,i151,1700006755
u147,i21,1700006757
u140,i146,1700006760
u58,i1,1700006761
u141,i1,1700006763
u151,i171,1700006767
u125,i8,1700006770
u77,i7,1700006774
u196,i38,1700006777
u160,i0,1700006780
u114,i3,1700006780
u14,i83,1700006780
u50,i151,1700006781
u30,i7,1700006783
u105,i42,1700006787
u103,i135,1700006788
u17,i19,1700006791
u37,i48,1700006795
u149,i69,1700006797
u23,i0,1700006799
u114,i5,1700006799
u183,i0,1700006801
u79,i5,1700006805
u164,i38,1700006808
u105,i0,1700006812
u6,i15,1700006812
u185,i5,1700006814
u42,i32,1700006816
u15,i243,1700006818
u196,i0,1700006819
u120,i3,1700006823
u91,i19,1700006824
u100,i8,1700006824
u161,i39,1700006827
u44,i151,1700006830
u3,i31,1700006834
u91,i37,1700006834
u196,i24,1700006835
u65,i18,1700006839
u97,i79,1700006840
u66,i8,1700006841
u197,i5,1700006842
u14,i71,1700006844
u178,i5,1700006845
u61,i13,1700006845
u173,i13,1700006847
u28,i46,1700006847
u25,i21,1700006847
u104,i15,1700006851
u3,i197,1700006855
u156,i240,1700006858
u79,i430,1700006859
u78,i6,1700006861
u90,i7,1700006863
u56,i78,1700006867
u50,i45,1700006871
u176,i25,1700006875
u146,i43,1700006876
u42,i4,1700006879
u195,i9,1700006880
u142,i24,1700006881
u99,i42,1700006883
u7,i159,1700006886
u56,i13,1700006887
u156,i49,1700006888
u161,i76,1700006888
u170,i14,1700006889
u71,i136,1700006889
u196,i13,1700006889
u87,i41,1700006891
u112,i238,1700006891
u12,i399,1700006893
u119,i22,1700006895
u88,i78,1700006899
u58,i33,1700006902
u128,i55,1700006905
u115,i5,1700006905
u194,i44,1700006909
u160,i17,1700006913
u86,i35,1700006915
u86,i19,1700006916
u196,i41,1700006919
u92,i12,1700006921
u97,i40,1700006924
u160,i17,1700006925
u67,i44,1700006925
u80,i60,1700006928
u112,i4,1700006928
u69,i182,1700006931
u61,i31,1700006934
u16,i185,1700006937
u28,i154,1700006940
u172,i4,1700006943
u25,i80,1700006947
u70,i22,1700006947
u85,i294,1700006949
u12,i107,1700006952
u131,i22,1700006954
u92,i4,1700006954
u52,i33,1700006954
u37,i80,1700006956
u27,i6,1700006959
u176,i311,1700006959
u117,i115,1700006963
u168,i65,1700006964
u74,i18,1700006966
u7,i15,1700006967
u128,i9,1700006969
u112,i16,1700006970
u95,i211,1700006973
u13,i191,1700006974
u61,i16,1700006976
u80,i37,1700006980
u156,i26,1700006984
u69,i0,1700006987
u107,i56,1700006988
u199,i59,1700006992
u9,i25,1700006994
u70,i1,1700006994
u195,i350,1700006997
u195,i6,1700007000
u173,i75,1700007003
u179,i0,1700007003
u37,i7,1700007006
u88,i72,1700007006
u158,i35,1700007006
u141,i0,1700007006
u47,i1,1700007006
u156,i11,1700007007
u19,i13,1700007011
u129,i161,1700007012
u117,i29,1700007013
u105,i4,1700007016
u74,i47,1700007019
u20,i14,1700007023
u133,i74,1700007024
u140,i35,1700007028
u1,i162,1700007032
u194,i14,1700007032
u102,i43,1700007035
u71,i26,1700007037
u122,i13,1700007040
u78,i36,1700007040
u70,i164,1700007044
u97,i123,1700007044
u41,i69,1700007048
u30,i45,1700007048
u65,i203,1700007048
u136,i199,1700007051
u118,i2,1700007052
u179,i24,1700007056
u46,i10,1700007057
u71,i55,1700007060
u95,i30,1700007063
u10,i12,1700007066
u154,i96,1700007066
u35,i206,1700007066
u187,i17,1700007070
u173,i27,1700007070
u40,i71,1700007070
u159,i122,1700007071
u125,i221,1700007071
u6,i19,1700007075
u79,i61,1700007075
u150,i30,1700007078
u185,i34,1700007081
u160,i1,1700007083
u162,i15,1700007085
u34,i45,1700007088
u111,i11,1700007089
u144,i76,1700007090
u116,i345,1700007093
u5,i204,1700007093
u133,i10,1700007097
u145,i105,1700007098
u193,i39,1700007098
u108,i49,1700007102
u76,i8,1700007103
u126,i28,1700007105
u16,i30,1700007107
u57,i18,1700007111
u186,i4,1700007114
u193,i11,1700007118
u133,i14,1700007120
u99,i5,1700007124
u71,i1,1700007125
u147,i52,1700007126
u63,i0,1700007128
u124,i399,1700007128
u139,i70,1700007128
u178,i137,1700007130
u53,i24,1700007131
u66,i10,1700007131
u144,i43,1700007134
u71,i16,1700007137
u29,i53,1700007141
u167,i169,1700007141
u181,i50,1700007144
u8,i39,1700007148
u14,i35,1700007152
u131,i6,1700007156
u191,i7,1700007156
u81,i24,1700007160
u123,i6,1700007161
u41,i1,1700007162
u46,i17,1700007162
u155,i0,1700007165
u99,i39,1700007165
u40,i19,1700007166
u45,i154,1700007166
u191,i80,1700007169
u129,i10,1700007173
u71,i22,1700007174
u149,i39,1700007175
u161,i35,1700007177
u149,i204,1700007177
u104,i173,1700007179
u59,i2,1700007180
u32,i138,1700007183
u74,i9,1700007185
u23,i44,1700007189
u41,i3,1700007193
u105,i11,1700007193
u139,i102,1700007193
u97,i182,1700007195
u61,i27,1700007195
u186,i105,1700007197
u146,i3,1700007201
u175,i95,1700007204
u199,i33,1700007204
u19,i205,1700007204
u77,i47,1700007205
u170,i32,1700007209
u143,i11,1700007212
u151,i18,1700007212
u119,i71,1700007215
u107,i2,1700007217
u53,i49,1700007218
u146,i99,1700007220
u100,i121,1700007224
u170,i82,1700007227
u108,i28,1700007227
u148,i75,1700007229
u114,i0,1700007229
u136,i12,1700007233
u186,i135,1700007234
u67,i97,1700007237
u72,i12,1700007237
u75,i9,1700007238
u8,i36,1700007239
u71,i138,1700007241
u105,i88,1700007243
u4,i73,1700007245
u75,i129,1700007247
u79,i2,1700007248
u93,i0,1700007249
u37,i2,1700007249
u3,i98,1700007253
u185,i79,1700007257
u108,i5,1700007258
u15,i21,1700007261
u114,i52,1700007263
u196,i133,1700007263
u72,i47,1700007265
u149,i57,1700007269
u25,i51,1700007272
u61,i106,1700007275
u95,i19,1700007275
u9,i41,1700007278
u182,i0,1700007282
u177,i6,1700007283
u7,i30,1700007283
u58,i21,1700007285
u114,i52,1700007285
u143,i11,1700007288
u139,i5,1700007289
u43,i2,1700007289
u51,i127,1700007290
u122,i356,1700007291
u21,i19,1700007293
u92,i18,1700007293
u42,i82,1700007297
u95,i66,1700007300
u94,i7,1700007302
u56,i0,1700007304
u63,i87,1700007304
u133,i3,1700007308
u127,i16,1700007309
u4,i20,1700007312
u123,i149,1700007313
u176,i175,1700007317
u24,i284,1700007321
u17,i440,1700007321
u187,i5,1700007322
u26,i50,1700007322
u22,i104,1700007326
u121,i10,1700007329
u2,i301,1700007329
u107,i1,1700007329
u142,i10,1700007333
u28,i175,1700007333
u114,i47,1700007334
u81,i2,1700007334
u5,i155,1700007336
u7,i25,1700007336
u184,i22,1700007337
u43,i54,1700007341
u132,i99,1700007344
u102,i25,1700007345
u7,i32,1700007347
u7,i15,1700007351
u86,i79,1700007353
u137,i1,1700007357
u79,i8,1700007360
u85,i23,1700007361
u19,i10,1700007364
u55,i98,1700007367
u68,i14,1700007369
u36,i6,1700007370
u109,i367,1700007373
u90,i14,1700007374
u197,i6,1700007374
u33,i175,1700007376
u191,i138,1700007380
u99,i172,1700007380
u187,i10,1700007382
u72,i0,1700007386
u139,i188,1700007386
u110,i40,1700007388
u17,i96,1700007390
u10,i251,1700007390
u147,i25,1700007391
u93,i132,1700007394
u195,i47,1700007394
u138,i6,1700007395
u84,i3,1700007399
u95,i188,1700007401
u40,i5,1700007402
u33,i16,1700007405
u155,i115,1700007405
u180,i84,1700007407
u94,i9,1700007410
u159,i26,1700007410
u84,i5,1700007413
u106,i8,1700007416
u159,i73,1700007420
u69,i30,1700007424
u53,i143,1700007426
u41,i186,1700007427
u76,i4,1700007431
u112,i54,1700007435
u158,i21,1700007437
u148,i75,1700007437
u132,i18,1700007439
u8,i127,1700007440
u102,i11,1700007440
u78,i15,1700007442
u61,i23,1700007443
u42,i317,1700007444
u191,i40,1700007444
u198,i77,1700007444
u6,i69,1700007446
u38,i15,1700007448
u114,i5,1700007448
u1,i43,1700007449
u145,i9,1700007451
u42,i0,1700007453
u5,i296,1700007454
u150,i117,1700007456
u85,i47,1700007459
u51,i35,1700007459
u159,i19,1700007459
u180,i26,1700007463
u184,i4,1700007463
u156,i112,1700007466
u29,i33,1700007469
u14,i41,1700007470
u110,i63,1700007474
u50,i35,1700007477
u108,i18,1700007477
u117,i209,1700007479
u44,i30,1700007483
u0,i170,1700007486
u1,i405,1700007488
u88,i108,1700007489
u38,i30,1700007493
u184,i226,1700007497
u116,i0,1700007499
u57,i5,1700007499
u167,i236,1700007500
u149,i6,1700007501
u95,i0,1700007502
u167,i20,1700007505
u52,i167,1700007508
u88,i23,1700007512
u157,i66,1700007512
u61,i14,1700007512
u89,i50,1700007515
u132,i73,1700007516
u15,i15,1700007517
u83,i49,1700007520
u51,i31,1700007522
u90,i40,1700007523
u136,i13,1700007526
u72,i14,1700007528
u170,i20,1700007531
u172,i104,1700007531
u11,i76,1700007534
u9,i101,1700007535
u193,i119,1700007536
u176,i11,1700007536
u21,i162,1700007537
u104,i27,1700007538
u58,i1,1700007541
u158,i93,1700007545
u137,i1,1700007545
u161,i38,1700007548
u2,i17,1700007550
u72,i61,1700007552
u141,i64,1700007556
u186,i25,1700007559
u113,i1,1700007560
u184,i5,1700007564
u80,i2,1700007567
u31,i100,1700007571
u72,i38,1700007575
u66,i15,1700007575
u51,i399,1700007578
u67,i10,1700007579
u184,i45,1700007582
u143,i14,1700007586
u135,i8,1700007586
u23,i1,1700007586
u90,i9,1700007588
u51,i59,1700007589
u37,i39,1700007591
u8,i281,1700007593
u62,i11,1700007594
u148,i73,1700007594
u150,i2,1700007598
u139,i100,1700007601
u18,i30,1700007601
u62,i16,1700007604
u168,i299,1700007604
u171,i0,1700007606
u199,i4,1700007606
u92,i3,1700007607
u7,i15,1700007609
u7,i73,1700007612
u25,i0,1700007616
u20,i6,1700007617
u17,i26,1700007618
u158,i8,1700007618
u53,i73,1700007619
u15,i135,1700007622
u84,i7,1700007624
u181,i331,1700007624
u92,i14,1700007625
u153,i9,1700007627
u71,i26,1700007631
u159,i24,1700007632
u100,i19,1700007636
u75,i95,1700007640
u3,i97,1700007643
u188,i16,1700007645
u139,i59,1700007649
u184,i130,1700007651
u143,i6,1700007655
u163,i29,1700007659
u114,i21,1700007663
u170,i75,1700007666
u15,i18,1700007670
u57,i44,1700007674
u43,i30,1700007674
u158,i97,1700007674
u156,i19,1700007675
u51,i6,1700007675
u27,i26,1700007678
u8,i39,1700007679
u194,i18,1700007680
u14,i97,1700007680
u101,i25,1700007683
u147,i9,1700007685
u176,i41,1700007689
u193,i421,1700007690
u56,i1,1700007693
u120,i133,1700007697
u75,i22,1700007701
u83,i39,1700007702
u141,i45,1700007702
u56,i242,1700007702
u97,i46,1700007705
u135,i26,1700007705
u162,i12,1700007707
u76,i10,1700007707
u98,i1,1700007710
u49,i143,1700007712
u162,i438,1700007715
u83,i17,1700007719
u137,i77,1700007723
u90,i390,1700007724
u120,i4,1700007728
u163,i36,1700007731
u169,i79,1700007735
u37,i32,1700007738
u53,i22,1700007740
u104,i25,1700007740
u68,i30,1700007740
u39,i285,1700007740
u199,i53,1700007741
u190,i0,1700007743
u160,i21,1700007744
u82,i9,1700007747
u80,i155,1700007749
u62,i101,1700007753
u17,i4,1700007757
u44,i28,1700007760
u102,i14,1700007760
u59,i88,1700007763
u131,i64,1700007764
u55,i111,1700007764
u87,i9,1700007768
u143,i138,1700007769
u66,i252,1700007770
u3,i27,1700007774
u28,i28,1700007776
u91,i56,1700007778
u155,i27,1700007778
u188,i11,1700007780
u113,i63,1700007780
u118,i2,1700007780
u84,i3,1700007784
u136,i57,1700007788
u98,i29,1700007791
u76,i62,1700007794
u150,i36,1700007797
u2,i39,1700007800
u78,i52,1700007802
u113,i215,1700007803
u31,i55,1700007807
u125,i18,1700007808
u74,i3,1700007811
u89,i21,1700007811
u52,i23,1700007813
u39,i19,1700007817
u74,i25,1700007819
u150,i17,1700007821
u103,i192,1700007821
u120,i41,1700007825
u62,i98,1700007826
u154,i20,1700007826
u178,i15,1700007826
u115,i2,1700007830
u28,i0,1700007832
u21,i20,1700007833
u2,i3,1700007834
u166,i11,1700007838
u45,i13,1700007840
u146,i20,1700007844
u7,i136,1700007844
u99,i15,1700007847
u190,i38,1700007847
u72,i8,1700007851
u130,i10,1700007854
u147,i36,1700007855
u159,i47,1700007859
u67,i56,1700007860
u188,i289,1700007863
u177,i150,1700007865
u8,i39,1700007865
u155,i6,1700007866
u194,i51,1700007869
u184,i39,1700007871
u37,i24,1700007875
u13,i110,1700007879
u16,i103,1700007881
u62,i45,1700007881
u59,i16,1700007882
u136,i287,1700007883
u128,i12,1700007884
u196,i20,1700007886
u179,i160,1700007887
u44,i48,1700007887
u103,i47,1700007889
u63,i17,1700007893
u126,i9,1700007897
u52,i22,1700007898
u113,i11,1700007899
u61,i30,1700007901
u80,i16,1700007902
u110,i30,1700007905
u32,i137,1700007909
u140,i24,1700007910
u36,i2,1700007913
u193,i10,1700007915
u47,i4,1700007919
u56,i67,1700007921
u192,i13,1700007922
u44,i14,1700007925
u22,i33,1700007925
u133,i18,1700007929
u83,i295,1700007931
u196,i2,1700007935
u125,i94,1700007939
u29,i27,1700007943
u155,i40,1700007945
u187,i2,1700007946
u30,i10,1700007947
u140,i6,1700007951
u198,i7,1700007953
u134,i132,1700007954
u57,i28,1700007955
u27,i10,1700007959
u166,i3,1700007963
u15,i101,1700007966
u32,i78,1700007966
u158,i33,1700007968
u189,i25,1700007972
u21,i19,1700007975
u82,i62,1700007979
u31,i8,1700007979
u108,i22,1700007979
u61,i109,1700007980
u1,i151,1700007983
u64,i36,1700007983
u150,i8,1700007985
u6,i100,1700007986
u5,i3,1700007990
u96,i0,1700007994
u99,i5,1700007994
u103,i1,1700007995
u160,i14,1700007996
u13,i9,1700007999
u107,i16,1700008002
u132,i261,1700008005
u100,i4,1700008008
u150,i70,1700008009
u185,i177,1700008013
u121,i15,1700008016
u132,i1,1700008020
u172,i16,1700008023
u64,i284,1700008025
u179,i29,1700008029
u169,i16,1700008030
u154,i9,1700008032
u104,i78,1700008036
u87,i16,1700008038
u115,i2,1700008039
u29,i149,1700008039
u13,i21,1700008041
u196,i103,1700008042
u21,i0,1700008045
u90,i13,1700008047
u172,i9,1700008050
u187,i29,1700008053
u198,i39,1700008053
u187,i85,1700008056
u152,i10,1700008057
u90,i194,1700008060
u127,i82,1700008063
u165,i44,1700008064
u64,i9,1700008068
u197,i33,1700008068
u71,i25,1700008069
u148,i19,1700008073
u194,i11,1700008074
u186,i31,1700008074
u97,i21,1700008074
u170,i58,1700008078
u130,i115,1700008081
u59,i45,1700008085
u191,i73,1700008085
u34,i65,1700008085
u59,i11,1700008086
u19,i77,1700008090
u95,i55,1700008092
u66,i26,1700008092
u110,i14,1700008095
u61,i30,1700008099
u37,i3,1700008102
u141,i81,1700008102
u145,i3,1700008106
u104,i440,1700008110
u22,i10,1700008112
u82,i2,1700008115
u160,i195,1700008119
u99,i86,1700008119
u76,i143,1700008121
u173,i265,1700008123
u109,i3,1700008123
u66,i37,1700008124
u54,i105,1700008126
u50,i2,1700008127
u44,i383,1700008130
u84,i89,1700008133
u133,i283,1700008135
u53,i1,1700008137
u119,i41,1700008137
u26,i31,1700008137
u113,i24,1700008141
u16,i17,1700008143
u72,i4,1700008146
u83,i29,1700008148
u133,i17,1700008148
u174,i436,1700008150
u86,i6,1700008154
u135,i36,1700008156
u137,i47,1700008158
u59,i51,1700008162
u172,i10,1700008162
u190,i358,1700008166
u71,i4,1700008169
u59,i151,1700008172
u131,i25,1700008172
u35,i3,1700008176
u46,i66,1700008177
u105,i73,1700008178
u29,i10,1700008181
u105,i15,1700008182
u112,i14,1700008185
u35,i0,1700008189
u90,i61,1700008189
u171,i18,1700008193
u56,i22,1700008196
u81,i19,1700008198
u143,i35,1700008202
u1,i4,1700008205
u184,i0,1700008206
u25,i57,1700008210
u59,i152,1700008212
u197,i10,1700008212
u193,i69,1700008216
u100,i3,1700008216
u63,i28,1700008216
u108,i48,1700008220
u6,i116,1700008223
u110,i71,1700008227
u44,i175,1700008230
u4,i42,1700008233
u137,i4,1700008234
u61,i327,1700008236
u161,i1,1700008238
u30,i19,1700008240
u102,i7,1700008241
u11,i29,1700008244
u20,i7,1700008245
u114,i4,1700008245
u75,i53,1700008249
u102,i6,1700008252
u58,i102,1700008256
u68,i188,1700008259
u179,i445,1700008260
u179,i258,1700008262
u2,i115,1700008265
u9,i0,1700008265
u183,i65,1700008267
u158,i7,1700008267
u80,i5,1700008267
u57,i13,1700008270
u49,i147,1700008272
u66,i73,1700008276
u155,i195,1700008277
u114,i117,1700008279
u124,i37,1700008280
u199,i10,1700008284
u95,i31,1700008286
u147,i20,1700008289
u72,i167,1700008293
u7,i18,1700008293
u190,i8,1700008297
u119,i3,1700008300
u182,i328,1700008303
u3,i10,1700008303
u162,i21,1700008306
u148,i24,1700008306
u14,i1,1700008306
u57,i364,1700008306
u169,i12,1700008307
u172,i68,1700008308
u183,i38,1700008311
u67,i8,1700008314
u50,i25,1700008317
u44,i4,1700008320
u70,i51,1700008323
u94,i247,1700008326
u179,i26,1700008327
u190,i19,1700008328
u110,i8,1700008332
u134,i73,1700008334
u165,i162,1700008338
u70,i68,1700008341
u189,i31,1700008344
u88,i51,1700008348
u135,i19,1700008352
u56,i7,1700008352
u90,i22,1700008355
u61,i0,1700008357
u106,i11,1700008359
u96,i22,1700008363
u118,i22,1700008363
u4,i0,1700008365
u71,i1,1700008367
u63,i52,1700008369
u166,i29,1700008372
u12,i174,1700008375
u152,i39,1700008377
u71,i74,1700008377
u128,i8,1700008381
u6,i19,1700008383
u173,i5,1700008386
u37,i53,1700008386
u172,i7,1700008389
u191,i50,1700008389
u76,i17,1700008392
u174,i269,1700008395
u36,i8,1700008398
u128,i49,1700008401
u164,i1,1700008404
u124,i1,1700008404
u165,i127,1700008408
u66,i0,1700008412
u184,i4,1700008414
u14,i31,1700008417
u148,i360,1700008419
u36,i19,1700008420
u102,i3,1700008420
u38,i4,1700008424
u193,i52,1700008425
u26,i8,1700008426
u2,i12,1700008427
u120,i55,1700008430
u82,i10,1700008434
u60,i8,1700008434
u131,i300,1700008435
u168,i15,1700008437
u75,i6,1700008439
u98,i10,1700008440
u98,i19,1700008443
u48,i4,1700008446
u7,i26,1700008450
u73,i44,1700008451
u163,i80,1700008451
u37,i338,1700008454
u123,i51,1700008454
u89,i1,1700008457
u81,i11,1700008458
u33,i46,1700008461
u156,i15,1700008461
u38,i0,1700008463
u21,i221,1700008463
u43,i63,1700008466
u106,i0,1700008466
u84,i12,1700008466
u99,i16,1700008467
u68,i7,1700008468
u116,i3,1700008470
u120,i21,1700008470
u122,i0,1700008470
u77,i25,1700008473
u77,i4,1700008476
u73,i7,1700008476
u18,i7,1700008476
u92,i224,1700008478
u167,i30,1700008482
u135,i8,1700008485
u21,i18,1700008487
u22,i166,1700008487
u118,i25,1700008488
u191,i45,1700008489
u150,i24,1700008492
u7,i9,1700008494
u80,i101,1700008497
u133,i41,1700008497
u171,i5,1700008497
u139,i406,1700008499
u0,i29,1700008502
u103,i52,1700008505
u160,i309,1700008508
u65,i10,1700008511
u40,i0,1700008511
u31,i2,1700008512
u182,i16,1700008513
u162,i37,1700008515
u167,i11,1700008516
u21,i289,1700008517
u20,i2,1700008520
u190,i73,1700008522
u111,i11,1700008522
u16,i36,1700008525
u101,i37,1700008528
u60,i5,1700008530
u59,i2,1700008534
u114,i3,1700008536
u95,i3,1700008540
u47,i28,1700008543
u85,i150,1700008546
u160,i43,1700008547
u35,i269,1700008551
u115,i22,1700008552
u95,i70,1700008554
u65,i88,1700008556
u32,i49,1700008556
u147,i7,1700008556
u78,i12,1700008556
u157,i98,1700008559
u52,i65,1700008559
u199,i75,1700008563
u1,i23,1700008567
u70,i18,1700008571
u109,i29,1700008572
u146,i4,1700008575
u17,i40,1700008579
u150,i12,1700008581
u117,i8,1700008584
u104,i14,1700008588
u144,i5,1700008592
u132,i12,1700008596
u114,i110,1700008598
u69,i119,1700008600
u56,i16,1700008600
u114,i4,1700008603
u79,i16,1700008606
u179,i35,1700008606
u3,i44,1700008608
u44,i491,1700008610
u35,i14,1700008612
u38,i24,1700008616
u146,i64,1700008616
u120,i31,1700008618
u2,i17,1700008618
u64,i20,1700008622
u158,i135,1700008623
u80,i0,1700008624
u101,i12,1700008626
u167,i2,1700008628
u99,i7,1700008630
u33,i2,1700008633
u7,i1,1700008637
u162,i211,1700008640
u9,i10,1700008641
u68,i189,1700008644
u55,i87,1700008646
u23,i18,1700008650
u156,i1,1700008650
u53,i73,1700008650
u106,i260,1700008652
u16,i56,1700008652
u43,i62,1700008655
u104,i39,1700008656
u112,i2,1700008656
u174,i29,1700008657
u83,i25,1700008657
u139,i46,1700008661
u142,i10,1700008662
u15,i256,1700008663
u140,i20,1700008667
u53,i117,1700008668
u149,i44,1700008670
u194,i26,1700008672
u188,i121,1700008673
u180,i49,1700008674
u133,i0,1700008677
u14,i21,1700008680
u123,i9,1700008681
u144,i29,1700008683
u140,i157,1700008687
u166,i4,1700008688
u106,i10,1700008689
u93,i10,1700008693
u172,i29,1700008697
u60,i19,1700008697
u27,i6,1700008701
u52,i50,1700008701
u99,i2,1700008704
u180,i106,1700008707
u87,i11,1700008710
u1,i142,1700008710
u35,i120,1700008712
u144,i14,1700008716
u154,i0,1700008717
u127,i63,1700008720
u195,i84,1700008723
u96,i13,1700008724
u30,i21,1700008726
u83,i145,1700008726
u153,i11,1700008727
u171,i95,1700008729
u169,i6,1700008730
u152,i0,1700008730
u38,i241,1700008730
u58,i35,1700008734
u171,i21,1700008737
u188,i20,1700008739
u195,i45,1700008743
u181,i3,1700008746
u23,i62,1700008750
u182,i15,1700008751
u157,i95,1700008751
u164,i17,1700008752
u58,i28,1700008756
u158,i68,1700008758
u28,i77,1700008761
u98,i0,1700008762
u158,i1,1700008762
u174,i129,1700008765
u131,i4,1700008767
u169,i197,1700008767
u12,i306,1700008770
u30,i359,1700008771
u18,i61,1700008775
u174,i64,1700008776
u52,i106,1700008780
u86,i40,1700008784
u40,i103,1700008786
u5,i0,1700008788
u126,i44,1700008792
u103,i43,1700008792
u18,i70,1700008796
u18,i92,1700008800
u65,i22,1700008801
u58,i3,1700008803
u43,i20,1700008803
u140,i126,1700008803
u0,i2,1700008806
u17,i83,1700008806
u94,i76,1700008808
u4,i98,1700008808
u55,i20,1700008812
u104,i123,1700008816
u87,i43,1700008819
u110,i29,1700008823
u36,i15,1700008827
u73,i9,1700008830
u66,i17,1700008833
u28,i30,1700008835
u13,i43,1700008836
u25,i14,1700008837
u113,i49,1700008840
u86,i5,1700008840
u186,i42,1700008843
u115,i3,1700008844
u179,i0,1700008845
u2,i11,1700008846
u119,i73,1700008846
u147,i95,1700008850
u6,i2,1700008852
u190,i31,1700008854
u164,i44,1700008855
u23,i66,1700008857
u53,i7,1700008858
u196,i18,1700008862
u50,i31,1700008864
u188,i8,1700008867
u105,i280,1700008870
u181,i72,1700008872
u2,i14,1700008873
u158,i17,1700008874
u80,i5,1700008876
u28,i429,1700008880
u163,i413,1700008882
u48,i68,1700008886
u196,i186,1700008890
u94,i8,1700008891
u70,i5,1700008895
u41,i7,1700008898
u8,i19,1700008901
u24,i2,1700008904
u82,i1,1700008906
u162,i61,1700008909
u188,i125,1700008912
u6,i12,1700008912
u10,i2,1700008916
u197,i9,1700008919
u54,i28,1700008922
u43,i9,1700008924
u76,i28,1700008924
u38,i43,1700008925
u9,i9,1700008929
u32,i36,1700008933
u41,i26,1700008933
u174,i181,1700008935
u198,i3,1700008939
u42,i43,1700008941
u86,i9,1700008942
u144,i25,1700008942
u75,i1,1700008943
u52,i128,1700008946
u192,i8,1700008946
u9,i54,1700008950
u67,i60,1700008952
u124,i17,1700008952
u147,i45,1700008952
u25,i320,1700008956
u155,i195,1700008960
u95,i33,1700008963
u23,i10,1700008966
u127,i34,1700008967
u43,i44,1700008968
u56,i8,1700008968
u147,i9,1700008969
u108,i35,1700008971
u61,i0,1700008975
u155,i26,1700008976
u185,i14,1700008980
u47,i401,1700008982
u154,i8,1700008985
u86,i0,1700008986
u159,i305,1700008986
u192,i41,1700008989
u144,i42,1700008993
u176,i28,1700008993
u1,i6,1700008994
u195,i488,1700008997
u53,i3,1700009001
u128,i47,1700009002
u153,i8,1700009005
u48,i14,1700009009
u43,i87,1700009010
u131,i37,1700009013
u179,i1,1700009017
u152,i18,1700009019
u37,i21,1700009020
u189,i138,1700009022
u34,i2,1700009023
u2,i17,1700009027
u179,i260,1700009028
u38,i207,1700009031
u40,i41,1700009032
u120,i43,1700009036
u87,i19,1700009038
u43,i13,1700009038
u34,i17,1700009042
u146,i75,1700009045
u60,i3,1700009049
u145,i51,1700009053
u20,i28,1700009056
u3,i9,1700009059
u35,i13,1700009059
u196,i61,1700009059
u45,i126,1700009063
u10,i428,1700009067
u37,i211,1700009067
u13,i47,1700009067
u36,i169,1700009069
u21,i264,1700009069
u16,i7,1700009073
u106,i4,1700009073
u145,i63,1700009074
u101,i62,1700009078
u173,i13,1700009078
u168,i0,1700009079
u156,i32,1700009081
u112,i10,1700009083
u184,i15,1700009087
u134,i13,1700009090
u182,i1,1700009092
u43,i13,1700009094
u161,i42,1700009098
u25,i389,1700009099
u28,i6,1700009099
u66,i19,1700009100
u149,i16,1700009103
u191,i1,1700009105
u175,i101,1700009105
u87,i46,1700009108
u4,i142,1700009108
u32,i26,1700009111
u160,i75,1700009115
u129,i8,1700009117
u169,i185,1700009118
u70,i12,1700009118
u2,i26,1700009119
u60,i105,1700009121
u146,i60,1700009125
u85,i80,1700009125
u136,i29,1700009127
u33,i38,1700009130
u12,i53,1700009131
u157,i8,1700009134
u30,i141,1700009134
u113,i5,1700009136
u7,i408,1700009138
u81,i147,1700009139
u7,i216,1700009143
u195,i18,1700009146
u28,i15,1700009146
u172,i16,1700009150
u25,i127,1700009151
u71,i40,1700009151
u93,i12,1700009153
u149,i113,1700009157
u67,i37,1700009159
u195,i44,1700009163
u82,i151,1700009163
u25,i117,1700009167
u40,i122,1700009168
u174,i31,1700009171
u191,i155,1700009175
u127,i14,1700009178
u130,i242,1700009181
u60,i151,1700009183
u143,i27,1700009186
u179,i108,1700009186
u140,i37,1700009189
u122,i25,1700009190
u155,i16,1700009194
u88,i63,1700009196
u86,i2,1700009199
u95,i75,1700009203
u81,i13,1700009203
u190,i6,1700009204
u48,i10,1700009207
u73,i159,1700009209
u142,i20,1700009213
u129,i33,1700009214
u38,i16,1700009216
u107,i44,1700009218
u110,i12,1700009221
u35,i488,1700009221
u79,i51,1700009225
u79,i95,1700009226
u135,i19,1700009227
u75,i43,1700009229
u65,i239,1700009230
u92,i29,1700009231
u13,i36,1700009234
u7,i21,1700009234
u76,i140,1700009234
u68,i14,1700009238
u37,i327,1700009238
u40,i15,1700009238
u166,i6,1700009239
u118,i354,1700009242
u197,i1,1700009243
u158,i40,1700009243
u57,i24,1700009243
u177,i15,1700009247
u197,i142,1700009250
u109,i313,1700009253
u195,i74,1700009254
u16,i73,1700009255
u152,i12,1700009257
u85,i79,1700009261
u84,i21,1700009265
u29,i4,1700009267
u122,i39,1700009267
u145,i195,1700009267
u43,i24,1700009270
u172,i15,1700009271
u138,i152,1700009274
u17,i39,1700009274
u47,i6,1700009274
u3,i47,1700009276
u105,i28,1700009280
u81,i20,1700009284
u183,i33,1700009285
u168,i0,1700009285
u163,i1,1700009288
u186,i4,1700009290
u7,i29,1700009292
u21,i119,1700009292
u0,i149,1700009293
u60,i309,1700009296
u166,i197,1700009298
u59,i116,1700009299
u42,i142,1700009300
u174,i35,1700009300
u98,i44,1700009304
u7,i45,1700009306
u179,i40,1700009307
u102,i125,1700009310
u48,i66,1700009310
u5,i14,1700009310
u13,i36,1700009310
u56,i31,1700009310
u96,i18,1700009313
u42,i1,1700009316
u90,i84,1700009316
u198,i3,1700009319
u134,i10,1700009321
u2,i18,1700009325
u4,i9,1700009328
u52,i0,1700009331
u17,i4,1700009334
u31,i9,1700009336
u121,i125,1700009339
u44,i14,1700009339
u102,i25,1700009339
u67,i3,1700009343
u39,i115,1700009347
u199,i6,1700009349
u91,i24,1700009349
u59,i8,1700009349
u41,i18,1700009352
u162,i138,1700009354
u109,i79,1700009355
u150,i66,1700009357
u196,i35,1700009357
u113,i148,1700009358
u31,i23,1700009362
u129,i100,1700009364
u175,i19,1700009368
u57,i26,1700009371
u28,i5,1700009371
u28,i32,1700009371
u6,i30,1700009373
u78,i57,1700009373
u149,i120,1700009377
u187,i10,1700009380
u53,i8,1700009381
u196,i205,1700009385
u137,i88,1700009388
u66,i1,1700009389
u199,i98,1700009392
u126,i3,1700009394
u165,i4,1700009397
u175,i3,1700009400
u179,i24,1700009404
u101,i15,1700009408
u47,i14,1700009410
u9,i106,1700009411
u60,i431,1700009415
u4,i64,1700009415
u15,i1,1700009419
u141,i26,1700009421
u127,i248,1700009425
u118,i7,1700009426
u105,i51,1700009427
u53,i126,1700009427
u109,i161,1700009431
u100,i102,1700009432
u14,i14,1700009436
u32,i13,1700009438
u92,i25,1700009440
u108,i4,1700009442
u186,i3,1700009444
u120,i0,1700009448
u94,i108,1700009448
u99,i3,1700009452
u11,i37,1700009452
u83,i2,1700009454
u180,i19,1700009457
u169,i136,1700009459
u13,i50,1700009461
u69,i2,1700009461
u43,i6,1700009461
u100,i12,1700009465
u84,i66,1700009466
u139,i73,1700009469
u115,i17,1700009472
u14,i43,1700009476
u135,i63,1700009480
u47,i2,1700009480
u121,i0,1700009481
u12,i11,1700009485
u61,i70,1700009488
u12,i14,1700009491
u70,i23,1700009492
u140,i45,1700009495
u159,i11,1700009496
u0,i11,1700009500
u128,i29,1700009500
u67,i13,1700009500
u57,i30,1700009503
u25,i37,1700009505
u149,i190,1700009507
u48,i69,1700009511
u82,i11,1700009514
u47,i101,1700009518
u76,i0,1700009522
u179,i186,1700009523
u195,i59,1700009526
u171,i33,1700009529
u101,i1,1700009529
u4,i37,1700009533
u187,i76,1700009536
u194,i52,1700009538
u79,i3,1700009539
u174,i55,1700009542
u16,i64,1700009543
u91,i11,1700009546
u82,i47,1700009549
u163,i7,1700009549
u81,i13,1700009552
u74,i7,1700009552
u23,i89,1700009555
u87,i3,1700009557
u77,i15,1700009558
u123,i6,1700009559
u57,i2,1700009560
u109,i447,1700009560
u160,i29,1700009560
u188,i37,1700009560
u65,i132,1700009560
u35,i75,1700009560
u51,i61,1700009563
u100,i16,1700009564
u7,i69,1700009567
u157,i9,1700009569
u135,i0,1700009570
u67,i16,1700009573
u39,i0,1700009577
u119,i137,1700009577
u148,i178,1700009578
u140,i60,1700009582
u36,i1,1700009584
u169,i337,1700009585
u168,i20,1700009589
u54,i8,1700009591
u138,i159,1700009594
u4,i0,1700009597
u115,i69,1700009601
u14,i382,1700009601
u92,i17,1700009605
u181,i11,1700009607
u103,i21,1700009607
u196,i32,1700009608
u77,i0,1700009612
u150,i70,1700009613
u121,i9,1700009614
u94,i1,1700009615
u188,i10,1700009615
u69,i80,1700009618
u21,i121,1700009620
u58,i155,1700009620
u141,i4,1700009620
u115,i54,1700009620
u66,i144,1700009620
u162,i36,1700009620
u71,i6,1700009620
u142,i92,1700009623
u30,i28,1700009624
u104,i58,1700009628
u188,i7,1700009628
u191,i2,1700009629
u70,i52,1700009632
u48,i29,1700009633
u153,i144,1700009636
u31,i57,1700009636
u1,i29,1700009638
u68,i360,1700009638
u108,i294,1700009640
u83,i114,1700009643
u18,i5,1700009646
u119,i51,1700009647
u124,i12,1700009650
u4,i38,1700009652
u101,i144,1700009654
u73,i99,1700009655
u186,i9,1700009655
u199,i32,1700009659
u78,i3,1700009660
u70,i35,1700009662
u98,i114,1700009662
u110,i1,1700009663
u19,i152,1700009665
u146,i2,1700009665
u42,i132,1700009668
u150,i89,1700009671
u80,i13,1700009671
u49,i12,1700009673
u26,i40,1700009677
u144,i18,1700009678
u123,i23,1700009681
u117,i19,1700009685
u80,i1,1700009688
u149,i14,1700009689
u3,i23,1700009693
u194,i34,1700009696
u61,i48,1700009696
u38,i31,1700009699
u13,i20,1700009702
u48,i130,1700009704
u111,i182,1700009706
u123,i0,1700009706
u15,i68,1700009706
u158,i239,1700009707
u173,i6,1700009707
u175,i9,1700009710
u132,i6,1700009714
u103,i72,1700009717
u12,i9,1700009720
u83,i1,1700009720
u71,i3,1700009721
u197,i35,1700009725
u123,i131,1700009728
u128,i16,1700009732
u79,i26,1700009733
u125,i7,1700009734
u77,i20,1700009735
u4,i13,1700009736
u32,i18,1700009737
u6,i168,1700009738
u112,i1,1700009741
u140,i12,1700009742
u72,i31,1700009743
u55,i206,1700009744
u90,i191,1700009744
u4,i5,1700009747
u69,i4,1700009747
u198,i2,1700009751
u105,i2,1700009754
u187,i12,1700009757
u12,i70,1700009758
u0,i61,1700009762
u35,i37,1700009762
u41,i82,1700009762
u62,i423,1700009765
u180,i306,1700009768
u187,i36,1700009768
u63,i0,1700009771
u41,i24,1700009773
u72,i10,1700009775
u138,i6,1700009778
u65,i98,1700009780
u7,i0,1700009782
u126,i53,1700009785
u162,i29,1700009785
u89,i0,1700009787
u178,i43,1700009787
u94,i72,1700009788
u18,i20,1700009792
u90,i26,1700009794
u128,i9,1700009794
u54,i53,1700009798
u59,i243,1700009802
u111,i11,1700009802
u75,i25,1700009806
u137,i47,1700009810
u112,i65,1700009813
u123,i15,1700009813
u196,i18,1700009816
u13,i86,1700009817
u102,i30,1700009821
u178,i27,1700009825
u33,i7,1700009829
u157,i16,1700009831
u108,i73,1700009831
u60,i2,1700009834
u172,i8,1700009837
u78,i326,1700009841
u152,i38,1700009842
u184,i122,1700009845
u19,i62,1700009849
u34,i73,1700009850
u56,i11,1700009854
u87,i6,1700009855
u88,i0,1700009856
u0,i138,1700009860
u26,i31,1700009862
u88,i9,1700009864
u104,i2,1700009865
u9,i5,1700009866
u46,i0,1700009866
u23,i8,1700009867
u56,i62,1700009871
u154,i49,1700009872
u127,i21,1700009872
u52,i63,1700009876
u87,i32,1700009877
u191,i0,1700009880
u76,i36,1700009880
u177,i37,1700009884
u41,i1,1700009884
u17,i17,1700009888
u144,i15,1700009888
u156,i2,1700009891
u30,i16,1700009895
u18,i12,1700009896
u15,i4,1700009897
u181,i4,1700009900
u0,i26,1700009903
u101,i3,1700009905
u157,i484,1700009907
u92,i273,1700009911
u29,i14,1700009915
u191,i32,1700009915
